Tweet ID,Disease,Label
4063122008,Influenza,0
4063124211,Influenza,0
4063623202,Influenza,0
4063915008,Influenza,0
4066673901,Influenza,0
4066726712,Influenza,0
4066741103,Influenza,0
4066745003,Influenza,0
4066965000,Influenza,0
4067014706,Influenza,0
4067017204,Influenza,0
4067029110,Influenza,0
4067039708,Influenza,0
4067061101,Influenza,0
4067064605,Influenza,0
4067107405,Influenza,0
4067896608,Influenza,0
4068039510,Influenza,0
4068147005,Influenza,0
1911484801,Influenza,0
1911549901,Influenza,0
1912309202,Influenza,0
1914478602,Influenza,0
4068374800,Influenza,0
4068437404,Influenza,0
4068440806,Influenza,0
4068622100,Influenza,0
4068699813,Influenza,0
2107614700,Influenza,0
2017803501,Influenza,0
2018080400,Influenza,0
2020217704,Influenza,0
2021691202,Influenza,0
4068787601,Influenza,0
4068913501,Influenza,0
4068977907,Influenza,0
4069058613,Influenza,0
4069140211,Influenza,0
4069174711,Influenza,0
4069265812,Influenza,0
4069339313,Influenza,0
4069477103,Influenza,0
4069707407,Influenza,0
4069713914,Influenza,0
4069727914,Influenza,0
2022175902,Influenza,0
2022482404,Influenza,0
2022682404,Influenza,0
3677361202,Influenza,0
4073162105,Influenza,0
4073299211,Influenza,0
4074503808,Influenza,0
4074515105,Influenza,0
4074795408,Influenza,0
4075011400,Influenza,0
4075642305,Influenza,0
4076214205,Influenza,0
4076219811,Influenza,0
4076351808,Influenza,0
4076489511,Influenza,0
4077096802,Influenza,0
4077594809,Influenza,0
4077722312,Influenza,0
4077994913,Influenza,0
4078031603,Influenza,0
4078209510,Influenza,0
4078427207,Influenza,0
4080228400,Influenza,0
4080254508,Influenza,0
4081010107,Influenza,0
4081466510,Influenza,0
4081673508,Influenza,0
4082032402,Influenza,0
4082580104,Influenza,0
4083076814,Influenza,0
4083334807,Influenza,0
4083734911,Influenza,0
4083901000,Influenza,0
4084011212,Influenza,0
4084171200,Influenza,0
4084621713,Influenza,0
4084691508,Influenza,0
4084812413,Influenza,0
4085627003,Influenza,0
4085844804,Influenza,0
4085904506,Influenza,0
4086369309,Influenza,0
4086434508,Influenza,0
3680023811,Influenza,0
3680430500,Influenza,0
3680461000,Influenza,0
3680473101,Influenza,0
3681145710,Influenza,0
3681174402,Influenza,0
3681891914,Influenza,0
3682101911,Influenza,0
3682408009,Influenza,0
3684347502,Influenza,0
3684765114,Influenza,0
3684982307,Influenza,0
3685005013,Influenza,0
3685085504,Influenza,0
3685200006,Influenza,0
3686076514,Influenza,0
3689030903,Influenza,0
3689147609,Influenza,0
3690272701,Influenza,0
3691821210,Influenza,0
3691981903,Influenza,0
3692028205,Influenza,0
3692099006,Influenza,0
3692971500,Influenza,0
3693039808,Influenza,0
3693370212,Influenza,0
3693604400,Influenza,0
3694155612,Influenza,0
3694652800,Influenza,0
3694702505,Influenza,0
3695050213,Influenza,0
3695124705,Influenza,0
3695128113,Influenza,0
3695162009,Influenza,0
3695301305,Influenza,0
3695355312,Influenza,0
3695378806,Influenza,0
3695490704,Influenza,0
3696053711,Influenza,0
3697074412,Influenza,0
3697129213,Influenza,0
3697331407,Influenza,0
3697709703,Influenza,0
3697883808,Influenza,0
3698015103,Influenza,0
3698147901,Influenza,0
3698194204,Influenza,0
3698242811,Influenza,0
3698271901,Influenza,0
3700137014,Influenza,0
3701449803,Influenza,0
3702022410,Influenza,0
3702030513,Influenza,0
3702042902,Influenza,0
3702044211,Influenza,0
3702197302,Influenza,0
3702215809,Influenza,0
3702215803,Influenza,0
3702840312,Influenza,0
4086957302,Influenza,0
4087213701,Influenza,0
4087272402,Influenza,0
4087611505,Influenza,0
3703859405,Influenza,0
3704116609,Influenza,0
3704302004,Influenza,0
3704506513,Influenza,0
4087630504,Influenza,0
4088831104,Influenza,0
3704569902,Influenza,0
3704826714,Influenza,0
3704861209,Influenza,0
3706007502,Influenza,0
3706080000,Influenza,0
4089151612,Influenza,0
4089231508,Influenza,0
4090156005,Influenza,0
4090642714,Influenza,0
4090726306,Influenza,0
4092012309,Influenza,0
4092078501,Influenza,0
4092610114,Influenza,0
4093119311,Influenza,0
3706847109,Influenza,0
3707554211,Influenza,0
3708133302,Influenza,0
3708864014,Influenza,0
3709120605,Influenza,0
3709814400,Influenza,0
3710202906,Influenza,0
3710208812,Influenza,0
4097577801,Influenza,0
4097842506,Influenza,0
3710494704,Influenza,0
3710638702,Influenza,0
3710685009,Influenza,0
4101872100,Influenza,0
3711045411,Influenza,0
4103409206,Influenza,0
4104026002,Influenza,0
4104227810,Influenza,0
3711819606,Influenza,0
3711699710,Influenza,0
3711915308,Influenza,0
3712321606,Influenza,0
3712406805,Influenza,0
3712437707,Influenza,0
3712193213,Influenza,0
3712416107,Influenza,0
3712901208,Influenza,0
4106845610,Influenza,0
4107583802,Influenza,0
4108058414,Influenza,0
4108268605,Influenza,0
4109031200,Influenza,0
3275013810,Influenza,0
3713145107,Influenza,0
3713568913,Influenza,0
3713592614,Influenza,0
3713595708,Influenza,0
3714637107,Influenza,0
3714040610,Influenza,0
4112974407,Influenza,0
4113550111,Influenza,0
4113637812,Influenza,0
4114020707,Influenza,0
4114192810,Influenza,0
4114482603,Influenza,0
3714152402,Influenza,0
3714211810,Influenza,0
3715576701,Influenza,0
3714900305,Influenza,0
3715328500,Influenza,0
3715563508,Influenza,0
3715930304,Influenza,0
3715862010,Influenza,0
4117155807,Influenza,0
4117298006,Influenza,0
4118086900,Influenza,0
4119357612,Influenza,0
3717362212,Influenza,0
3717623601,Influenza,0
3718198400,Influenza,0
3718301412,Influenza,0
3718447005,Influenza,0
3718474814,Influenza,0
3718672307,Influenza,0
4126567412,Influenza,0
4126585714,Influenza,0
4126683210,Influenza,0
4126683310,Influenza,0
4127252700,Influenza,0
4127344608,Influenza,0
4127582814,Influenza,0
4127924110,Influenza,0
4128042100,Influenza,0
4132053607,Influenza,0
4128129601,Influenza,0
4128336001,Influenza,0
4128525704,Influenza,0
4128908310,Influenza,0
4132724811,Influenza,0
4132745804,Influenza,0
4132855708,Influenza,0
4133072607,Influenza,0
4133241811,Influenza,0
4133277013,Influenza,0
4134587008,Influenza,0
4134677710,Influenza,0
4134827810,Influenza,0
4134969201,Influenza,0
4134973411,Influenza,0
4135065312,Influenza,0
4135454414,Influenza,0
4135545714,Influenza,0
4135579405,Influenza,0
4135758801,Influenza,0
4135891211,Influenza,0
4136336201,Influenza,0
4136531006,Influenza,0
4137487907,Influenza,0
4137501905,Influenza,0
4137978111,Influenza,0
4138178408,Influenza,0
4140051414,Influenza,0
4140418105,Influenza,0
4140747112,Influenza,0
4142272511,Influenza,0
4143482312,Influenza,0
4143783510,Influenza,0
4143796709,Influenza,0
4143837907,Influenza,0
4144458101,Influenza,0
4145448210,Influenza,0
4145682000,Influenza,0
4147948408,Influenza,0
4147971900,Influenza,0
4148055514,Influenza,0
4148845605,Influenza,0
4149361511,Influenza,0
4149797408,Influenza,0
4150114401,Influenza,0
4150283709,Influenza,0
4150404511,Influenza,0
4150700301,Influenza,0
4150759201,Influenza,0
4151089606,Influenza,0
4151152610,Influenza,0
4151533114,Influenza,0
4151613702,Influenza,0
4151750811,Influenza,0
4151956912,Influenza,0
4151987307,Influenza,0
4152362007,Influenza,0
4152362802,Influenza,0
4152567312,Influenza,0
4152578810,Influenza,0
4152606312,Influenza,0
4152682012,Influenza,0
4152682309,Influenza,0
4152733603,Influenza,0
4152872007,Influenza,0
4153110100,Influenza,0
4153707601,Influenza,0
4155851713,Influenza,0
4156041010,Influenza,0
4156168705,Influenza,0
4156655300,Influenza,0
4156664814,Influenza,0
4156787411,Influenza,0
4345939704,Influenza,0
4157180202,Influenza,0
4157590610,Influenza,0
3720490202,Influenza,0
3720607506,Influenza,0
3721724005,Influenza,0
3722618112,Influenza,0
4158113206,Influenza,0
4158540913,Influenza,0
4158568510,Influenza,0
4158957207,Influenza,0
4159075212,Influenza,0
4159132609,Influenza,0
4159159008,Influenza,0
4159264002,Influenza,0
4159456405,Influenza,0
3722619106,Influenza,0
3722630809,Influenza,0
3723383007,Influenza,0
3723689805,Influenza,0
3724091805,Influenza,0
4160605814,Influenza,0
4161227109,Influenza,0
4162394707,Influenza,0
3727563003,Influenza,0
3728095513,Influenza,0
3728600110,Influenza,0
3730171113,Influenza,0
3730690010,Influenza,0
3730936412,Influenza,0
3731451009,Influenza,0
3732162313,Influenza,0
3733199109,Influenza,0
3733402403,Influenza,0
4165105700,Influenza,0
4165474008,Influenza,0
4166071509,Influenza,0
4166336700,Influenza,0
4166862704,Influenza,0
4167167110,Influenza,0
4167386705,Influenza,0
3733930304,Influenza,0
4169553606,Influenza,0
4169582705,Influenza,0
4169867105,Influenza,0
3734972109,Influenza,0
3734978611,Influenza,0
3734989112,Influenza,0
3734996505,Influenza,0
3735278110,Influenza,0
4170584209,Influenza,0
4170675609,Influenza,0
4170694212,Influenza,0
4170851905,Influenza,0
4171095511,Influenza,0
4171104813,Influenza,0
4171284212,Influenza,0
4171725313,Influenza,0
3735900407,Influenza,0
3736117413,Influenza,0
3736222107,Influenza,0
3736543803,Influenza,0
3736567502,Influenza,0
3736602006,Influenza,0
3736603414,Influenza,0
3736944009,Influenza,0
3737018809,Influenza,0
3737309610,Influenza,0
3737314706,Influenza,0
4174021707,Influenza,0
3737690800,Influenza,0
3737880511,Influenza,0
3738045408,Influenza,0
3738307005,Influenza,0
3738423214,Influenza,0
4176792111,Influenza,0
4176952010,Influenza,0
4176987512,Influenza,0
4177164109,Influenza,0
4177533512,Influenza,0
4177734206,Influenza,0
4177770213,Influenza,0
4177789212,Influenza,0
4177886205,Influenza,0
4177918602,Influenza,0
3741183708,Influenza,0
3741991607,Influenza,0
3742011708,Influenza,0
4296908102,Influenza,0
4297284908,Influenza,0
3742315006,Influenza,0
3742905710,Influenza,0
3743242709,Influenza,0
3743906609,Influenza,0
4297828514,Influenza,0
4298068705,Influenza,0
4298278007,Influenza,0
4298375703,Influenza,0
4299096814,Influenza,0
3744633506,Influenza,0
3744638414,Influenza,0
3744761103,Influenza,0
3744818905,Influenza,0
3745496700,Influenza,0
3746268604,Influenza,0
3746638506,Influenza,0
3747667414,Influenza,0
3748100014,Influenza,0
4301121007,Influenza,0
4301225400,Influenza,0
4301237412,Influenza,0
4301366814,Influenza,0
4301471811,Influenza,0
4301555008,Influenza,0
4301792704,Influenza,0
4301814107,Influenza,0
4308665301,Influenza,0
4302667312,Influenza,0
4304729607,Influenza,0
4304735505,Influenza,0
4304778905,Influenza,0
4304910410,Influenza,0
4304915103,Influenza,0
4305242106,Influenza,0
4305337510,Influenza,0
3750023408,Influenza,0
3750864803,Influenza,0
3750872512,Influenza,0
3753012002,Influenza,0
3754589410,Influenza,0
3754828314,Influenza,0
3755060702,Influenza,0
3755283907,Influenza,0
3757226209,Influenza,0
3757235303,Influenza,0
3757280909,Influenza,0
3757363802,Influenza,0
3758232607,Influenza,0
3758409614,Influenza,0
3758439609,Influenza,0
3758952902,Influenza,0
3761338512,Influenza,0
3762918401,Influenza,0
3762962903,Influenza,0
3764154502,Influenza,0
3764258706,Influenza,0
4313559306,Influenza,0
4313942805,Influenza,0
3764275702,Influenza,0
3764350111,Influenza,0
3764696112,Influenza,0
3765182601,Influenza,0
3765567614,Influenza,0
3765999304,Influenza,0
4314635207,Influenza,0
4314702612,Influenza,0
4314882202,Influenza,0
4315165909,Influenza,0
4314904201,Influenza,0
3770713004,Influenza,0
4317748505,Influenza,0
4317835111,Influenza,0
4317940704,Influenza,0
4318027302,Influenza,0
4318285903,Influenza,0
4318625604,Influenza,0
3771807311,Influenza,0
3772017609,Influenza,0
3772060006,Influenza,0
3772335208,Influenza,0
3817269010,Influenza,0
3773707214,Influenza,0
3774186710,Influenza,0
4319880007,Influenza,0
4319933106,Influenza,0
4319956912,Influenza,0
4319979504,Influenza,0
4320080000,Influenza,0
4320152309,Influenza,0
4320591712,Influenza,0
4320621906,Influenza,0
4320643803,Influenza,0
4320831110,Influenza,0
4321063114,Influenza,0
4321078912,Influenza,0
4321102311,Influenza,0
4321102806,Influenza,0
4321173406,Influenza,0
5032375905,Influenza,0
4322077514,Influenza,0
4322378704,Influenza,0
4322480200,Influenza,0
4322520308,Influenza,0
4322887803,Influenza,0
4323091712,Influenza,0
3774264912,Influenza,0
3775070608,Influenza,0
3776119810,Influenza,0
3776397104,Influenza,0
4323267900,Influenza,0
4323303712,Influenza,0
4323321705,Influenza,0
4323339410,Influenza,0
4323405702,Influenza,0
3782432401,Influenza,0
3782433300,Influenza,0
3782643411,Influenza,0
3783621212,Influenza,0
3783749907,Influenza,0
3793726909,Influenza,0
3797042507,Influenza,0
3797100403,Influenza,0
3798584808,Influenza,0
3799551705,Influenza,0
3799869800,Influenza,0
4330009214,Influenza,0
4330092400,Influenza,0
4330211503,Influenza,0
4330921405,Influenza,0
4331045913,Influenza,0
4331123204,Influenza,0
4332074009,Influenza,0
3805767700,Influenza,0
4332446404,Influenza,0
4332533104,Influenza,0
4332559913,Influenza,0
4332870407,Influenza,0
4333963814,Influenza,0
3806341809,Influenza,0
3807714908,Influenza,0
3808804614,Influenza,0
3808933409,Influenza,0
3810020209,Influenza,0
3810126309,Influenza,0
3810698606,Influenza,0
3811423109,Influenza,0
3864024113,Influenza,0
3814403608,Influenza,0
3814478011,Influenza,0
3816066606,Influenza,0
4340279609,Influenza,0
4340470012,Influenza,0
4341996705,Influenza,0
4342158110,Influenza,0
4342531807,Influenza,0
3819689107,Influenza,0
3820754609,Influenza,0
3820849409,Influenza,0
3820932504,Influenza,0
4343287314,Influenza,0
3824312903,Influenza,0
3826126501,Influenza,0
3827471714,Influenza,0
3829014802,Influenza,0
3830035602,Influenza,0
3830429904,Influenza,0
3831537000,Influenza,0
3832506203,Influenza,0
4348437210,Influenza,0
4348660503,Influenza,0
4348798209,Influenza,0
4348855607,Influenza,0
4350081802,Influenza,0
4350368709,Influenza,0
3833154010,Influenza,0
3833677500,Influenza,0
3834259814,Influenza,0
3834697411,Influenza,0
3835279906,Influenza,0
3835754103,Influenza,0
4351017509,Influenza,0
4351021913,Influenza,0
4351258806,Influenza,0
4351297602,Influenza,0
4351424303,Influenza,0
4352197304,Influenza,0
3838127909,Influenza,0
3838199510,Influenza,0
3838807304,Influenza,0
3839216109,Influenza,0
3840024609,Influenza,0
3840361301,Influenza,0
3841522209,Influenza,0
3841602203,Influenza,0
3842126414,Influenza,0
3842708113,Influenza,0
3842943811,Influenza,0
3843099802,Influenza,0
4355945305,Influenza,0
4355946910,Influenza,0
4356012001,Influenza,0
4356545609,Influenza,0
3843489007,Influenza,0
3843682504,Influenza,0
4358684911,Influenza,0
4358778405,Influenza,0
4359138208,Influenza,0
4359301309,Influenza,0
4359565102,Influenza,0
4359712912,Influenza,0
4359749411,Influenza,0
4359821105,Influenza,0
4359948414,Influenza,0
4359961012,Influenza,0
3849595403,Influenza,0
3849849302,Influenza,0
3849901705,Influenza,0
3849998406,Influenza,0
3850359813,Influenza,0
4362385714,Influenza,0
4364007003,Influenza,0
4364942005,Influenza,0
3850724408,Influenza,0
3851293600,Influenza,0
3851421612,Influenza,0
3852255108,Influenza,0
3852554511,Influenza,0
3852695010,Influenza,0
3852816814,Influenza,0
3855369205,Influenza,0
4366060707,Influenza,0
4366225509,Influenza,0
4366651409,Influenza,0
4366756310,Influenza,0
4367062104,Influenza,0
4367127101,Influenza,0
3855467707,Influenza,0
3855992504,Influenza,0
4367638011,Influenza,0
4367686511,Influenza,0
4368162704,Influenza,0
3859312905,Influenza,0
3859932706,Influenza,0
3861228808,Influenza,0
3861325906,Influenza,0
3862840308,Influenza,0
4370335906,Influenza,0
4370359707,Influenza,0
4370398807,Influenza,0
4370399301,Influenza,0
4371365804,Influenza,0
4371546400,Influenza,0
3865081406,Influenza,0
3866053405,Influenza,0
3866163001,Influenza,0
3866291612,Influenza,0
4373898901,Influenza,0
4755526304,Influenza,0
3869932311,Influenza,0
3870085308,Influenza,0
3870336510,Influenza,0
4375819300,Influenza,0
4376097911,Influenza,0
3871098700,Influenza,0
3871121806,Influenza,0
3876160909,Influenza,0
3871511401,Influenza,0
4376522800,Influenza,0
4376678306,Influenza,0
4376877004,Influenza,0
4377254609,Influenza,0
3871827302,Influenza,0
3872056913,Influenza,0
3872064414,Influenza,0
3872413108,Influenza,0
3872485614,Influenza,0
3872866808,Influenza,0
4377769308,Influenza,0
3873879707,Influenza,0
3874204204,Influenza,0
3874271600,Influenza,0
3874288814,Influenza,0
3874440913,Influenza,0
3874691309,Influenza,0
3874920904,Influenza,0
3875106407,Influenza,0
3875261403,Influenza,0
3875437313,Influenza,0
4382821004,Influenza,0
4383757802,Influenza,0
4384094810,Influenza,0
4384600807,Influenza,0
4385077501,Influenza,0
3877335102,Influenza,0
3877404809,Influenza,0
3877604406,Influenza,0
3878288413,Influenza,0
3878569211,Influenza,0
3879533613,Influenza,0
3880311407,Influenza,0
3880592301,Influenza,0
3881488712,Influenza,0
3881811005,Influenza,0
3881877907,Influenza,0
3882264306,Influenza,0
4390635305,Influenza,0
4391009400,Influenza,0
4391712503,Influenza,0
4392882512,Influenza,0
4393393503,Influenza,0
3885434906,Influenza,0
3885768802,Influenza,0
3885870010,Influenza,0
3886133714,Influenza,0
3886320810,Influenza,0
4394150408,Influenza,0
4394572404,Influenza,0
3886404201,Influenza,0
3886536605,Influenza,0
3886607907,Influenza,0
3886616412,Influenza,0
3886643214,Influenza,0
3886808401,Influenza,0
3887142814,Influenza,0
3887231708,Influenza,0
3887385004,Influenza,0
3887630610,Influenza,0
3888361306,Influenza,0
3888413214,Influenza,0
4395807813,Influenza,0
4396914714,Influenza,0
4397055905,Influenza,0
4397274305,Influenza,0
4397328212,Influenza,0
4397479509,Influenza,0
4397489801,Influenza,0
4397602204,Influenza,0
4397752614,Influenza,0
4398426201,Influenza,0
4398930506,Influenza,0
3891521909,Influenza,0
3891624008,Influenza,0
4399633508,Influenza,0
4400749407,Influenza,0
4401304913,Influenza,0
8490676111,Influenza,0
4403419701,Influenza,0
4403572905,Influenza,0
3891704608,Influenza,0
3891952212,Influenza,0
3892279911,Influenza,0
3892541908,Influenza,0
3893076009,Influenza,0
3892950310,Influenza,0
3892949307,Influenza,0
4404683914,Influenza,0
4405795813,Influenza,0
4405803308,Influenza,0
3894465204,Influenza,0
3894924105,Influenza,0
3895518608,Influenza,0
3896492607,Influenza,0
3897211404,Influenza,0
3897493210,Influenza,0
3897987308,Influenza,0
3897991013,Influenza,0
3899048713,Influenza,0
4422664305,Influenza,0
4424215102,Influenza,0
4424947003,Influenza,0
4425053300,Influenza,0
4427192511,Influenza,0
4427429305,Influenza,0
3901364007,Influenza,0
3901774107,Influenza,0
3902043713,Influenza,0
3902489107,Influenza,0
3902690900,Influenza,0
3903736100,Influenza,0
3904618514,Influenza,0
3905020111,Influenza,0
4430841811,Influenza,0
3905196208,Influenza,0
4433088409,Influenza,0
4433447309,Influenza,0
4433549208,Influenza,0
4433553000,Influenza,0
4433564514,Influenza,0
4433727801,Influenza,0
3910428400,Influenza,0
3911089707,Influenza,0
3912129105,Influenza,0
3912292505,Influenza,0
3915782006,Influenza,0
3916411203,Influenza,0
3918939406,Influenza,0
3919678212,Influenza,0
3919747314,Influenza,0
3919873905,Influenza,0
3920374205,Influenza,0
3920516913,Influenza,0
3920743602,Influenza,0
3920762700,Influenza,0
3921082014,Influenza,0
3924554714,Influenza,0
3927404511,Influenza,0
3927590305,Influenza,0
3927746709,Influenza,0
3927955801,Influenza,0
3934589707,Influenza,0
3936770313,Influenza,0
3937184300,Influenza,0
3937347012,Influenza,0
3937364812,Influenza,0
3938272105,Influenza,0
4436528903,Influenza,0
4436825111,Influenza,0
4436973510,Influenza,0
4437029213,Influenza,0
4437131309,Influenza,0
3939489401,Influenza,0
4437433303,Influenza,0
4438169105,Influenza,0
4438412807,Influenza,0
4438476511,Influenza,0
4438775208,Influenza,0
4439654413,Influenza,0
4439810609,Influenza,0
4440460905,Influenza,0
4440692905,Influenza,0
4440704512,Influenza,0
4440747200,Influenza,0
4440790207,Influenza,0
4441040914,Influenza,0
3940607614,Influenza,0
3940611710,Influenza,0
3940664605,Influenza,0
3941052205,Influenza,0
3941054512,Influenza,0
3941351005,Influenza,0
4441382606,Influenza,0
4441465509,Influenza,0
4441660804,Influenza,0
4441661413,Influenza,0
4442164700,Influenza,0
4442282013,Influenza,0
3945393506,Influenza,0
3948574305,Influenza,0
3949741306,Influenza,0
4445141911,Influenza,0
4445508411,Influenza,0
4445632402,Influenza,0
4445649913,Influenza,0
4445780908,Influenza,0
5466100010,Influenza,0
4446020307,Influenza,0
4446445402,Influenza,0
4447032300,Influenza,0
4447163104,Influenza,0
3958085413,Influenza,0
4447279502,Influenza,0
4447382303,Influenza,0
4447681513,Influenza,0
4447771605,Influenza,0
4448062514,Influenza,0
4448327807,Influenza,0
4448474509,Influenza,0
4448523707,Influenza,0
3961061610,Influenza,0
3961983210,Influenza,0
3963509100,Influenza,0
3973417907,Influenza,0
3976362313,Influenza,0
3976568907,Influenza,0
3977508504,Influenza,0
3977718407,Influenza,0
4448655800,Influenza,0
4448788408,Influenza,0
4449642607,Influenza,0
3977884003,Influenza,0
3978561304,Influenza,0
3978644414,Influenza,0
3978650110,Influenza,0
4449925514,Influenza,0
4450097310,Influenza,0
4450634012,Influenza,0
4450941606,Influenza,0
3978982310,Influenza,0
3979191200,Influenza,0
3979910811,Influenza,0
3980598006,Influenza,0
3533598512,Influenza,0
4396950214,Influenza,0
3981513609,Influenza,0
3649236814,Influenza,0
3982180105,Influenza,0
3982612105,Influenza,0
3982873410,Influenza,0
4454318002,Influenza,0
3982963206,Influenza,0
3983261414,Influenza,0
3983264804,Influenza,0
3983374100,Influenza,0
3983792411,Influenza,0
3983794607,Influenza,0
3987062804,Influenza,0
3987320412,Influenza,0
3987360303,Influenza,0
3987463812,Influenza,0
3988730312,Influenza,0
3988732507,Influenza,0
3988817614,Influenza,0
3989272100,Influenza,0
4460228913,Influenza,0
4460690209,Influenza,0
4460787808,Influenza,0
3991693213,Influenza,0
4464738303,Influenza,0
4465410001,Influenza,0
4465508703,Influenza,0
4465514007,Influenza,0
3991796710,Influenza,0
4466078311,Influenza,0
4467467704,Influenza,0
3996159202,Influenza,0
3996182512,Influenza,0
3996249306,Influenza,0
3996390704,Influenza,0
3996954301,Influenza,0
3998973701,Influenza,0
3999126007,Influenza,0
3999623406,Influenza,0
3999630505,Influenza,0
4470669511,Influenza,0
4470718603,Influenza,0
4471388101,Influenza,0
4471702313,Influenza,0
4000818901,Influenza,0
4001937905,Influenza,0
4002392604,Influenza,0
4002395302,Influenza,0
4002889606,Influenza,0
4003504413,Influenza,0
4005222301,Influenza,0
4005409506,Influenza,0
4005828504,Influenza,0
4006002409,Influenza,0
4006780411,Influenza,0
4007020507,Influenza,0
4007047006,Influenza,0
3355315414,Influenza,0
4009252912,Influenza,0
4009418612,Influenza,0
4010054306,Influenza,0
4011720206,Influenza,0
4012533912,Influenza,0
4014558208,Influenza,0
4413041402,Influenza,0
4015983300,Influenza,0
4016227002,Influenza,0
4016759900,Influenza,0
4016784810,Influenza,0
4017359505,Influenza,0
4018209113,Influenza,0
4019777201,Influenza,0
4021213314,Influenza,0
4021558409,Influenza,0
4022766301,Influenza,0
4025768810,Influenza,0
4026751207,Influenza,0
4026761101,Influenza,0
4027141213,Influenza,0
4027573100,Influenza,0
4028060911,Influenza,0
4029072712,Influenza,0
4029108112,Influenza,0
4029579702,Influenza,0
4029596713,Influenza,0
4030361512,Influenza,0
4031464109,Influenza,0
4473711304,Influenza,0
4473933600,Influenza,0
4473969311,Influenza,0
4474636000,Influenza,0
4474750104,Influenza,0
4474864207,Influenza,0
4475183310,Influenza,0
4475342010,Influenza,0
4476104608,Influenza,0
4032409712,Influenza,0
4032414803,Influenza,0
4032787305,Influenza,0
4032850708,Influenza,0
4478266203,Influenza,0
4478588507,Influenza,0
4478748314,Influenza,0
4032916809,Influenza,0
4033110610,Influenza,0
4033129106,Influenza,0
4033778103,Influenza,0
4478803100,Influenza,0
4478810214,Influenza,0
4478832512,Influenza,0
4479059109,Influenza,0
4479629302,Influenza,0
4479772610,Influenza,0
4479892609,Influenza,0
4034711514,Influenza,0
4479979904,Influenza,0
4479986206,Influenza,0
4480178409,Influenza,0
4480352702,Influenza,0
4480664913,Influenza,0
4480879205,Influenza,0
4482046300,Influenza,0
4482074708,Influenza,0
4482098607,Influenza,0
4482206207,Influenza,0
4482235106,Influenza,0
4482580213,Influenza,0
4482760711,Influenza,0
4482928604,Influenza,0
4483558812,Influenza,0
4484030109,Influenza,0
4484031206,Influenza,0
4484034606,Influenza,0
4484037610,Influenza,0
4484287714,Influenza,0
4038579601,Influenza,0
4039869007,Influenza,0
4040368302,Influenza,0
4484328314,Influenza,0
4484469309,Influenza,0
4485280807,Influenza,0
4040477304,Influenza,0
4040524009,Influenza,0
4040529913,Influenza,0
4040580900,Influenza,0
4041056310,Influenza,0
4485853605,Influenza,0
4486621200,Influenza,0
4041162806,Influenza,0
3670420609,Influenza,0
4042439011,Influenza,0
4488155814,Influenza,0
4044650206,Influenza,0
4046993312,Influenza,0
4047360710,Influenza,0
4047492114,Influenza,0
4047538903,Influenza,0
4047889004,Influenza,0
4047909105,Influenza,0
4049082109,Influenza,0
4049390600,Influenza,0
3633728200,Influenza,0
4489080407,Influenza,0
4489245001,Influenza,0
4490275301,Influenza,0
4490597314,Influenza,0
4492583609,Influenza,0
4052752406,Influenza,0
3644630507,Influenza,0
4053609701,Influenza,0
4053647401,Influenza,0
4054014200,Influenza,0
4054109805,Influenza,0
7378586213,Influenza,0
4054638200,Influenza,0
4054767603,Influenza,0
4494516309,Influenza,0
4494714107,Influenza,0
4494865614,Influenza,0
4494996905,Influenza,0
4495925903,Influenza,0
4496115607,Influenza,0
4496158500,Influenza,0
4055475509,Influenza,0
4496408502,Influenza,0
4497215404,Influenza,0
4497409705,Influenza,0
4497535414,Influenza,0
4057148908,Influenza,0
4057223200,Influenza,0
3559289903,Influenza,0
4057682514,Influenza,0
4058119100,Influenza,0
4058456407,Influenza,0
4058571112,Influenza,0
4058581408,Influenza,0
4058949907,Influenza,0
4059252703,Influenza,0
4059740401,Influenza,0
4060178104,Influenza,0
4060255505,Influenza,0
4062394010,Influenza,0
4499041614,Influenza,0
4499102712,Influenza,0
4499274803,Influenza,0
4499283703,Influenza,0
4499586001,Influenza,0
4499755802,Influenza,0
4499800409,Influenza,0
4499896302,Influenza,0
4499932908,Influenza,0
4500314406,Influenza,0
4500453511,Influenza,0
4500575800,Influenza,0
4500577806,Influenza,0
4500851510,Influenza,0
4500900200,Influenza,0
4501285700,Influenza,0
4501400605,Influenza,0
4502146901,Influenza,0
4502533305,Influenza,0
4502808802,Influenza,0
4502875910,Influenza,0
4503347009,Influenza,0
4503441702,Influenza,0
4503593311,Influenza,0
4503610402,Influenza,0
4503651504,Influenza,0
4503668514,Influenza,0
4503759507,Influenza,0
4503989705,Influenza,0
4504070601,Influenza,0
4515760605,Influenza,0
4504436802,Influenza,0
4504494906,Influenza,0
4504683209,Influenza,0
4504783602,Influenza,0
4505170103,Influenza,0
4507898704,Influenza,0
4508244505,Influenza,0
4508659208,Influenza,0
4508908810,Influenza,0
4509058804,Influenza,0
4509077203,Influenza,0
4509355904,Influenza,0
4509410410,Influenza,0
4509684600,Influenza,0
2051681201,Influenza,0
2053026201,Influenza,0
2056897600,Influenza,0
4511608407,Influenza,0
4511959313,Influenza,0
4512451511,Influenza,0
4512712603,Influenza,0
4513390610,Influenza,0
4514088903,Influenza,0
4515032200,Influenza,0
4515425213,Influenza,0
4515705200,Influenza,0
4516715907,Influenza,0
4516940104,Influenza,0
4517069906,Influenza,0
4517077008,Influenza,0
4517189911,Influenza,0
4517848303,Influenza,0
4517930012,Influenza,0
4518856909,Influenza,0
4519280007,Influenza,0
4519302909,Influenza,0
4519314000,Influenza,0
4521400401,Influenza,0
4521407708,Influenza,0
4521764705,Influenza,0
4521783712,Influenza,0
4521897107,Influenza,0
4522300102,Influenza,0
4522678903,Influenza,0
4522817400,Influenza,0
4562042203,Influenza,0
4524832208,Influenza,0
4524944713,Influenza,0
4525220609,Influenza,0
4527625813,Influenza,0
4527893808,Influenza,0
4527974604,Influenza,0
4528760504,Influenza,0
4528819100,Influenza,0
4529298507,Influenza,0
4529587705,Influenza,0
4529847502,Influenza,0
4529938908,Influenza,0
4530595112,Influenza,0
4530875908,Influenza,0
4530922112,Influenza,0
4531230809,Influenza,0
4531300106,Influenza,0
4531324310,Influenza,0
4531396202,Influenza,0
4531641511,Influenza,0
4532116804,Influenza,0
4534272903,Influenza,0
4534533609,Influenza,0
4534822303,Influenza,0
4534961907,Influenza,0
4535104606,Influenza,0
4535240113,Influenza,0
4535557200,Influenza,0
4535891914,Influenza,0
4539503414,Influenza,0
4536001809,Influenza,0
4536228400,Influenza,0
4536973107,Influenza,0
4537881511,Influenza,0
4539980700,Influenza,0
4540664413,Influenza,0
4540674806,Influenza,0
4540885404,Influenza,0
4541159903,Influenza,0
4541295414,Influenza,0
4541308112,Influenza,0
4541368811,Influenza,0
4541373514,Influenza,0
4541375202,Influenza,0
4542431408,Influenza,0
4542830611,Influenza,0
4543128905,Influenza,0
4543159810,Influenza,0
4543231210,Influenza,0
4543328805,Influenza,0
4544471114,Influenza,0
4544482612,Influenza,0
4544670100,Influenza,0
4544821203,Influenza,0
4544891508,Influenza,0
4545087403,Influenza,0
4545310104,Influenza,0
4546464507,Influenza,0
4546708013,Influenza,0
4548083910,Influenza,0
4548185414,Influenza,0
4548444704,Influenza,0
4548960505,Influenza,0
4549004005,Influenza,0
4549243503,Influenza,0
4549290103,Influenza,0
4549439208,Influenza,0
4549772009,Influenza,0
4549782700,Influenza,0
4550137313,Influenza,0
4551535801,Influenza,0
4553106306,Influenza,0
4553472702,Influenza,0
4553709914,Influenza,0
4553862313,Influenza,0
4554033303,Influenza,0
4559578207,Influenza,0
4559879103,Influenza,0
4562260306,Influenza,0
4562349600,Influenza,0
4562662505,Influenza,0
4565118212,Influenza,0
4565331106,Influenza,0
4565391400,Influenza,0
4565506607,Influenza,0
4565801802,Influenza,0
4565985103,Influenza,0
4566271407,Influenza,0
4567523601,Influenza,0
4567739014,Influenza,0
4568097606,Influenza,0
4572925306,Influenza,0
4574424409,Influenza,0
4575579808,Influenza,0
4575655908,Influenza,0
4577054905,Influenza,0
4579659812,Influenza,0
4580081510,Influenza,0
4580601808,Influenza,0
4581405410,Influenza,0
4581542003,Influenza,0
4581627805,Influenza,0
4582146002,Influenza,0
5687920708,Influenza,0
4589672010,Influenza,0
5329813811,Influenza,0
4594931003,Influenza,0
4595067405,Influenza,0
4596009913,Influenza,0
4596010408,Influenza,0
4596012304,Influenza,0
4596017004,Influenza,0
4596020513,Influenza,0
4596025405,Influenza,0
4596921512,Influenza,0
4599602212,Influenza,0
4599764812,Influenza,0
4600597512,Influenza,0
4602439108,Influenza,0
4602696611,Influenza,0
4603477501,Influenza,0
4603568812,Influenza,0
4603741111,Influenza,0
4603909305,Influenza,0
4603910910,Influenza,0
4603922113,Influenza,0
4603960914,Influenza,0
4604049312,Influenza,0
4604055108,Influenza,0
4604080105,Influenza,0
4604092207,Influenza,0
4604236705,Influenza,0
4604740111,Influenza,0
4605028101,Influenza,0
4605330610,Influenza,0
4605451507,Influenza,0
4605681005,Influenza,0
4606139201,Influenza,0
4606144611,Influenza,0
4606312010,Influenza,0
4606317102,Influenza,0
4606441400,Influenza,0
4606501408,Influenza,0
4606555810,Influenza,0
4606942913,Influenza,0
4607081006,Influenza,0
4607421307,Influenza,0
4609095508,Influenza,0
4609615706,Influenza,0
4610155808,Influenza,0
4610764814,Influenza,0
4611143208,Influenza,0
4611478402,Influenza,0
4611842603,Influenza,0
4612232004,Influenza,0
4612346810,Influenza,0
4613224205,Influenza,0
4613656800,Influenza,0
4614653807,Influenza,0
4614716607,Influenza,0
4619101114,Influenza,0
4619423514,Influenza,0
4621763210,Influenza,0
4621917400,Influenza,0
4622116701,Influenza,0
4622281813,Influenza,0
4622321903,Influenza,0
4622924612,Influenza,0
4623615604,Influenza,0
4623761414,Influenza,0
4624490304,Influenza,0
4624560710,Influenza,0
4625723301,Influenza,0
4625995407,Influenza,0
4626308802,Influenza,0
4626493510,Influenza,0
4626599508,Influenza,0
4626741101,Influenza,0
4627113502,Influenza,0
4627668406,Influenza,0
4627855608,Influenza,0
4628995610,Influenza,0
4629489107,Influenza,0
4629587412,Influenza,0
4629664403,Influenza,0
4629724907,Influenza,0
4629771106,Influenza,0
4629804812,Influenza,0
4629842502,Influenza,0
4629968205,Influenza,0
4630139509,Influenza,0
4630471202,Influenza,0
4630524705,Influenza,0
4630926807,Influenza,0
4631011308,Influenza,0
4631046403,Influenza,0
4631357410,Influenza,0
5833848506,Influenza,0
4631452708,Influenza,0
4631562413,Influenza,0
4631607800,Influenza,0
4631634308,Influenza,0
4631650614,Influenza,0
4631683001,Influenza,0
4632864902,Influenza,0
4633024813,Influenza,0
4633181914,Influenza,0
4633184807,Influenza,0
4633301603,Influenza,0
4633486014,Influenza,0
4633527914,Influenza,0
4633535912,Influenza,0
4634115107,Influenza,0
4634297705,Influenza,0
4634548701,Influenza,0
4634632011,Influenza,0
4634724605,Influenza,0
4634748508,Influenza,0
4634761610,Influenza,0
4634889712,Influenza,0
4634913812,Influenza,0
4635096811,Influenza,0
4635214108,Influenza,0
4635483702,Influenza,0
4635508501,Influenza,0
4636047505,Influenza,0
4636707700,Influenza,0
4636842600,Influenza,0
4636934103,Influenza,0
4637137312,Influenza,0
4637296114,Influenza,0
4637380302,Influenza,0
4637445009,Influenza,0
4637860407,Influenza,0
4638002906,Influenza,0
4638034201,Influenza,0
4638119303,Influenza,0
4638344207,Influenza,0
4638407314,Influenza,0
4638449804,Influenza,0
4638657914,Influenza,0
4638813206,Influenza,0
4638971012,Influenza,0
4639591600,Influenza,0
4640295903,Influenza,0
4640535607,Influenza,0
4640685406,Influenza,0
4640769909,Influenza,0
4640805009,Influenza,0
4641020212,Influenza,0
4641266508,Influenza,0
4641879702,Influenza,0
4642564602,Influenza,0
4642643805,Influenza,0
4642651311,Influenza,0
4642768403,Influenza,0
4642893308,Influenza,0
4643179804,Influenza,0
4643513211,Influenza,0
4644437002,Influenza,0
4644675803,Influenza,0
4645043210,Influenza,0
4646394707,Influenza,0
4646881414,Influenza,0
4646887504,Influenza,0
4647040003,Influenza,0
4647402911,Influenza,0
4651060209,Influenza,0
4651289300,Influenza,0
4651303602,Influenza,0
4651413206,Influenza,0
4651427806,Influenza,0
4651598013,Influenza,0
4651602301,Influenza,0
4651729508,Influenza,0
4655124014,Influenza,0
4655842201,Influenza,0
4655932005,Influenza,0
4655961512,Influenza,0
4655966606,Influenza,0
4656013613,Influenza,0
4656075308,Influenza,0
4656186212,Influenza,0
4656440506,Influenza,0
4656447400,Influenza,0
4656548506,Influenza,0
4656548613,Influenza,0
4656779413,Influenza,0
4656782110,Influenza,0
4656837005,Influenza,0
4656929103,Influenza,0
4657158102,Influenza,0
4657250812,Influenza,0
4662204207,Influenza,0
4662620509,Influenza,0
4662572812,Influenza,0
4662822310,Influenza,0
4663037704,Influenza,0
4663285106,Influenza,0
4663710405,Influenza,0
4665021714,Influenza,0
4783303710,Influenza,0
4665525500,Influenza,0
5893376111,Influenza,0
4665597902,Influenza,0
4665639604,Influenza,0
4665817105,Influenza,0
4666823906,Influenza,0
4666871713,Influenza,0
4667135406,Influenza,0
4667290906,Influenza,0
4667346802,Influenza,0
4667539610,Influenza,0
4667547709,Influenza,0
4669101211,Influenza,0
4670264600,Influenza,0
4670536203,Influenza,0
4671604212,Influenza,0
4671911806,Influenza,0
4672064400,Influenza,0
4698520114,Influenza,0
4698720610,Influenza,0
4699025506,Influenza,0
4699555806,Influenza,0
4699733511,Influenza,0
4699782814,Influenza,0
4700138903,Influenza,0
4700178912,Influenza,0
4706583810,Influenza,0
4700959701,Influenza,0
4701440702,Influenza,0
4701939210,Influenza,0
4702117913,Influenza,0
4702147507,Influenza,0
4702555100,Influenza,0
4703477008,Influenza,0
4703628504,Influenza,0
4703854602,Influenza,0
4703991506,Influenza,0
4704494610,Influenza,0
4704826807,Influenza,0
4705278507,Influenza,0
4705875706,Influenza,0
4706246200,Influenza,0
4706248500,Influenza,0
4706797509,Influenza,0
4706879307,Influenza,0
4707057203,Influenza,0
4707525901,Influenza,0
4707617204,Influenza,0
4707726200,Influenza,0
4707779209,Influenza,0
4707874511,Influenza,0
4709649601,Influenza,0
4710840400,Influenza,0
4710897204,Influenza,0
4711058705,Influenza,0
4711169910,Influenza,0
4711173807,Influenza,0
4711267000,Influenza,0
4711462807,Influenza,0
4712319500,Influenza,0
4712596006,Influenza,0
4712943804,Influenza,0
4713193211,Influenza,0
4713206504,Influenza,0
4713517101,Influenza,0
4713540400,Influenza,0
4713763607,Influenza,0
4714185809,Influenza,0
4714278503,Influenza,0
4715955511,Influenza,0
4716295703,Influenza,0
4716850805,Influenza,0
4717111110,Influenza,0
4717210411,Influenza,0
4717409609,Influenza,0
4717831012,Influenza,0
4718306907,Influenza,0
4719582006,Influenza,0
4719846606,Influenza,0
4719968409,Influenza,0
4726525901,Influenza,0
4721272907,Influenza,0
4722342400,Influenza,0
4722639014,Influenza,0
4722667606,Influenza,0
4722864806,Influenza,0
4723482804,Influenza,0
4723495403,Influenza,0
4724871712,Influenza,0
4725037209,Influenza,0
4725048412,Influenza,0
4725160104,Influenza,0
4725290100,Influenza,0
4725607706,Influenza,0
4725649700,Influenza,0
4725883405,Influenza,0
4727723101,Influenza,0
4727850713,Influenza,0
4728060702,Influenza,0
4728065300,Influenza,0
4728068612,Influenza,0
4728687812,Influenza,0
4729252409,Influenza,0
4729449313,Influenza,0
4729711612,Influenza,0
4730366601,Influenza,0
4731698511,Influenza,0
4731863611,Influenza,0
4732445701,Influenza,0
4732887912,Influenza,0
4735019104,Influenza,0
4735578413,Influenza,0
4736165614,Influenza,0
4736183610,Influenza,0
4736488206,Influenza,0
4736583714,Influenza,0
4737477110,Influenza,0
4738143601,Influenza,0
4738307807,Influenza,0
4738334614,Influenza,0
4738754911,Influenza,0
26677112609,Influenza,0
4739181606,Influenza,0
4739416506,Influenza,0
4739671300,Influenza,0
4741454310,Influenza,0
4741505309,Influenza,0
4741723705,Influenza,0
4741745808,Influenza,0
4741824211,Influenza,0
4741964201,Influenza,0
4742420003,Influenza,0
4742967103,Influenza,0
4743346613,Influenza,0
4743577700,Influenza,0
4744250514,Influenza,0
4744340709,Influenza,0
4744349204,Influenza,0
4746192108,Influenza,0
4746323003,Influenza,0
4746624906,Influenza,0
4746688510,Influenza,0
4746865300,Influenza,0
4746989800,Influenza,0
4747137607,Influenza,0
4747412603,Influenza,0
4747488106,Influenza,0
4747510313,Influenza,0
4747686008,Influenza,0
4748036703,Influenza,0
4748069412,Influenza,0
4748240605,Influenza,0
4748496005,Influenza,0
4749352001,Influenza,0
4749404803,Influenza,0
4749461303,Influenza,0
4749597405,Influenza,0
4750339406,Influenza,0
4754250607,Influenza,0
4754265902,Influenza,0
4754309013,Influenza,0
4754379509,Influenza,0
4754734706,Influenza,0
4755227604,Influenza,0
4755556000,Influenza,0
4755825209,Influenza,0
4755845812,Influenza,0
4756256904,Influenza,0
4756338512,Influenza,0
4756526806,Influenza,0
4756535913,Influenza,0
4757548604,Influenza,0
4758127011,Influenza,0
4758757504,Influenza,0
4759156812,Influenza,0
4759301906,Influenza,0
4759475000,Influenza,0
4759932601,Influenza,0
4759995009,Influenza,0
4760747100,Influenza,0
4760793812,Influenza,0
4761051901,Influenza,0
4761064312,Influenza,0
4762367914,Influenza,0
4767368006,Influenza,0
26777628206,Influenza,0
4767415306,Influenza,0
4768431410,Influenza,0
4768495511,Influenza,0
4769136805,Influenza,0
4774969809,Influenza,0
4776058205,Influenza,0
4776165108,Influenza,0
4776253511,Influenza,0
4776413407,Influenza,0
4777084200,Influenza,0
4778234701,Influenza,0
4784666602,Influenza,0
4786328102,Influenza,0
4788274405,Influenza,0
4788343108,Influenza,0
4793340601,Influenza,0
4793908314,Influenza,0
4794502400,Influenza,0
4795611907,Influenza,0
4796286411,Influenza,0
4796769902,Influenza,0
4797148304,Influenza,0
4799465013,Influenza,0
4799912413,Influenza,0
4800105411,Influenza,0
4800212503,Influenza,0
4800271703,Influenza,0
4800667912,Influenza,0
4800797313,Influenza,0
4801000311,Influenza,0
4801038014,Influenza,0
4801144511,Influenza,0
4801248708,Influenza,0
4801301511,Influenza,0
4801447106,Influenza,0
4801948209,Influenza,0
4801988301,Influenza,0
4801988613,Influenza,0
4801988810,Influenza,0
4802354903,Influenza,0
4802607405,Influenza,0
4802622205,Influenza,0
4802650513,Influenza,0
4802687012,Influenza,0
4802688104,Influenza,0
4802699208,Influenza,0
4802724601,Influenza,0
4802800610,Influenza,0
4802864914,Influenza,0
4803026600,Influenza,0
4806611611,Influenza,0
4803092603,Influenza,0
4803235711,Influenza,0
4803257909,Influenza,0
4803317606,Influenza,0
4803588706,Influenza,0
4803603911,Influenza,0
4803922010,Influenza,0
4803950303,Influenza,0
4803950501,Influenza,0
4803993203,Influenza,0
4804207907,Influenza,0
4807204007,Influenza,0
4807277001,Influenza,0
4807314614,Influenza,0
4807557301,Influenza,0
4807691001,Influenza,0
4808176305,Influenza,0
4808620003,Influenza,0
4808847006,Influenza,0
4808920202,Influenza,0
4808945800,Influenza,0
4808947602,Influenza,0
4808967204,Influenza,0
4809079811,Influenza,0
4809158403,Influenza,0
4809184106,Influenza,0
4809331005,Influenza,0
4809352206,Influenza,0
4809386607,Influenza,0
4809452004,Influenza,0
4809683314,Influenza,0
4809956308,Influenza,0
4810897613,Influenza,0
4811355400,Influenza,0
4811677809,Influenza,0
4811890505,Influenza,0
4813348903,Influenza,0
4813434507,Influenza,0
4814083513,Influenza,0
4814217206,Influenza,0
4063912301,Influenza,1
4064279613,Influenza,1
4066630902,Influenza,1
1909910704,Influenza,1
1910816404,Influenza,1
4068458402,Influenza,1
2017992501,Influenza,1
4069859712,Influenza,1
4070364800,Influenza,1
4070662607,Influenza,1
4076421503,Influenza,1
4078195804,Influenza,1
4078511606,Influenza,1
4079131604,Influenza,1
4081040412,Influenza,1
4082548709,Influenza,1
4082645802,Influenza,1
4083251103,Influenza,1
4085138801,Influenza,1
4086171811,Influenza,1
3685752207,Influenza,1
3686751301,Influenza,1
3687913301,Influenza,1
3688159108,Influenza,1
3688586006,Influenza,1
3689094409,Influenza,1
3689611105,Influenza,1
3690357207,Influenza,1
3693053812,Influenza,1
3693604400,Influenza,1
3695985706,Influenza,1
3696469210,Influenza,1
3696960310,Influenza,1
3697399811,Influenza,1
3698405201,Influenza,1
3700429610,Influenza,1
3701113107,Influenza,1
3703180506,Influenza,1
4086707903,Influenza,1
3703783507,Influenza,1
3704151203,Influenza,1
3704209905,Influenza,1
4088122702,Influenza,1
4088645710,Influenza,1
3704931101,Influenza,1
3706693013,Influenza,1
3710551711,Influenza,1
4101491602,Influenza,1
4101574411,Influenza,1
4101872100,Influenza,1
3711195205,Influenza,1
4103653802,Influenza,1
4104741800,Influenza,1
3713616208,Influenza,1
3714539712,Influenza,1
3713964306,Influenza,1
3715071309,Influenza,1
4117013501,Influenza,1
3718731011,Influenza,1
2043818401,Influenza,1
2046457504,Influenza,1
2047671002,Influenza,1
4137451905,Influenza,1
4139801011,Influenza,1
4140716502,Influenza,1
4142258601,Influenza,1
4151089606,Influenza,1
4151472409,Influenza,1
4151895812,Influenza,1
4152050701,Influenza,1
4153542014,Influenza,1
3719830401,Influenza,1
3720468614,Influenza,1
3724142507,Influenza,1
4159462603,Influenza,1
4161227109,Influenza,1
3725800602,Influenza,1
3728783313,Influenza,1
4162829704,Influenza,1
4163029103,Influenza,1
4164415211,Influenza,1
3733228912,Influenza,1
3733894604,Influenza,1
4167331606,Influenza,1
3733952205,Influenza,1
3734530514,Influenza,1
3734760307,Influenza,1
3736538912,Influenza,1
3737652014,Influenza,1
3738444810,Influenza,1
3738564906,Influenza,1
3739398313,Influenza,1
3740340602,Influenza,1
4175926311,Influenza,1
4176866503,Influenza,1
4177073710,Influenza,1
4295383800,Influenza,1
4296507803,Influenza,1
3742000813,Influenza,1
4297171212,Influenza,1
3742657306,Influenza,1
3743739810,Influenza,1
4298059309,Influenza,1
3743977508,Influenza,1
3745852008,Influenza,1
3747031009,Influenza,1
3747898807,Influenza,1
4302923609,Influenza,1
4305375404,Influenza,1
3748182614,Influenza,1
3749103908,Influenza,1
3750155906,Influenza,1
3751367509,Influenza,1
3754654307,Influenza,1
3755567603,Influenza,1
3764129812,Influenza,1
4313365603,Influenza,1
3764342211,Influenza,1
4318729613,Influenza,1
4318869909,Influenza,1
4319062408,Influenza,1
4321830213,Influenza,1
4322103512,Influenza,1
3774368704,Influenza,1
4323306801,Influenza,1
4326293707,Influenza,1
4326683106,Influenza,1
3783354112,Influenza,1
4328843402,Influenza,1
4329031609,Influenza,1
4329440105,Influenza,1
3795893600,Influenza,1
4329730414,Influenza,1
4330944213,Influenza,1
3804287702,Influenza,1
4332870407,Influenza,1
4335149205,Influenza,1
3811545010,Influenza,1
4339190514,Influenza,1
4341491009,Influenza,1
3818407608,Influenza,1
4341771707,Influenza,1
4342024103,Influenza,1
4524676202,Influenza,1
3820737314,Influenza,1
4342671309,Influenza,1
4342728701,Influenza,1
3821139608,Influenza,1
3822231211,Influenza,1
3822715603,Influenza,1
4344934808,Influenza,1
4345500211,Influenza,1
3826105704,Influenza,1
3827137005,Influenza,1
3832563813,Influenza,1
4347493308,Influenza,1
4348028613,Influenza,1
4353507712,Influenza,1
3841182107,Influenza,1
3842302507,Influenza,1
4354194607,Influenza,1
4354208507,Influenza,1
4355618808,Influenza,1
4356337512,Influenza,1
3845053214,Influenza,1
3845580705,Influenza,1
3845813414,Influenza,1
3846356602,Influenza,1
3846501810,Influenza,1
3850598009,Influenza,1
3850617705,Influenza,1
3854307511,Influenza,1
4366769702,Influenza,1
4366864109,Influenza,1
4367040808,Influenza,1
4367281808,Influenza,1
3856293600,Influenza,1
3856497309,Influenza,1
3862239807,Influenza,1
3863646002,Influenza,1
3864663409,Influenza,1
4371009205,Influenza,1
4371921002,Influenza,1
4372145014,Influenza,1
3865180510,Influenza,1
3865229711,Influenza,1
3866380000,Influenza,1
3867339708,Influenza,1
4374018007,Influenza,1
4374158906,Influenza,1
4374606012,Influenza,1
3867817114,Influenza,1
3868010106,Influenza,1
3868222107,Influenza,1
3868530213,Influenza,1
3870447502,Influenza,1
4375792209,Influenza,1
4375819503,Influenza,1
3871029206,Influenza,1
3871716500,Influenza,1
3871756610,Influenza,1
3872506302,Influenza,1
4377901003,Influenza,1
4378742101,Influenza,1
3873320505,Influenza,1
3874347704,Influenza,1
3874749000,Influenza,1
4384827410,Influenza,1
4386706909,Influenza,1
3882079809,Influenza,1
4393036509,Influenza,1
2874199707,Influenza,1
4393530506,Influenza,1
3887270105,Influenza,1
3887528114,Influenza,1
4397931804,Influenza,1
27472313339,Influenza,1
4399535908,Influenza,1
3889803111,Influenza,1
4403125614,Influenza,1
3892917806,Influenza,1
4405832807,Influenza,1
3894106013,Influenza,1
3895571411,Influenza,1
3898311613,Influenza,1
4412734913,Influenza,1
4413041402,Influenza,1
2024263001,Influenza,1
2025731804,Influenza,1
2027440702,Influenza,1
4416378002,Influenza,1
4424682310,Influenza,1
4425864202,Influenza,1
4426350606,Influenza,1
2030601202,Influenza,1
3905675000,Influenza,1
3910850503,Influenza,1
3912187809,Influenza,1
3913102709,Influenza,1
3915339712,Influenza,1
3916363206,Influenza,1
3917848110,Influenza,1
3920076311,Influenza,1
3935711407,Influenza,1
3935789101,Influenza,1
3936770313,Influenza,1
3937273901,Influenza,1
3939488005,Influenza,1
4441539111,Influenza,1
4443556909,Influenza,1
3951479108,Influenza,1
4445438709,Influenza,1
4445691808,Influenza,1
3960128807,Influenza,1
3960311008,Influenza,1
3964547802,Influenza,1
4449217913,Influenza,1
4449459303,Influenza,1
4449886905,Influenza,1
4450878307,Influenza,1
3978727810,Influenza,1
3978832602,Influenza,1
3979470014,Influenza,1
4452090300,Influenza,1
4455672011,Influenza,1
4455931312,Influenza,1
3985890707,Influenza,1
3986828910,Influenza,1
3989180712,Influenza,1
3989470606,Influenza,1
4460982214,Influenza,1
3993027504,Influenza,1
3994943803,Influenza,1
4468772314,Influenza,1
4469298613,Influenza,1
4469987105,Influenza,1
4470186001,Influenza,1
4001830307,Influenza,1
4007661902,Influenza,1
4010737109,Influenza,1
4012548706,Influenza,1
4012659710,Influenza,1
4013245311,Influenza,1
4019254603,Influenza,1
4019387711,Influenza,1
4028181409,Influenza,1
4028609101,Influenza,1
4028759105,Influenza,1
4028896511,Influenza,1
4030252104,Influenza,1
4031870211,Influenza,1
4473660213,Influenza,1
4474439509,Influenza,1
4475103910,Influenza,1
4475933708,Influenza,1
4478769311,Influenza,1
4034711514,Influenza,1
4480707400,Influenza,1
4481250905,Influenza,1
4037334701,Influenza,1
4038137706,Influenza,1
4038315211,Influenza,1
4486288904,Influenza,1
4486962100,Influenza,1
4488376213,Influenza,1
4044723313,Influenza,1
4047935600,Influenza,1
4051829502,Influenza,1
4493645003,Influenza,1
4493790205,Influenza,1
4493920002,Influenza,1
4494228107,Influenza,1
4055422900,Influenza,1
4055718713,Influenza,1
4056453010,Influenza,1
4057229510,Influenza,1
4058428802,Influenza,1
4061640800,Influenza,1
4061758707,Influenza,1
4061803711,Influenza,1
4062311310,Influenza,1
4062339603,Influenza,1
4062496003,Influenza,1
4062740209,Influenza,1
4499171404,Influenza,1
4499355809,Influenza,1
4500375401,Influenza,1
4501664404,Influenza,1
4503101711,Influenza,1
4503626708,Influenza,1
4503809211,Influenza,1
4505893204,Influenza,1
4507391309,Influenza,1
4513178500,Influenza,1
4513968907,Influenza,1
4514178803,Influenza,1
4515411704,Influenza,1
4518067807,Influenza,1
4520638608,Influenza,1
4521308003,Influenza,1
4528100912,Influenza,1
4528530811,Influenza,1
4528769509,Influenza,1
5150877506,Influenza,1
4529174413,Influenza,1
4529306304,Influenza,1
4534313403,Influenza,1
4534599100,Influenza,1
4534616112,Influenza,1
4535032105,Influenza,1
4537344706,Influenza,1
4540893701,Influenza,1
4541839209,Influenza,1
4542848012,Influenza,1
4545354609,Influenza,1
4547082004,Influenza,1
4547804700,Influenza,1
4559183610,Influenza,1
4559412112,Influenza,1
4560671408,Influenza,1
4568680207,Influenza,1
4568793005,Influenza,1
4572708105,Influenza,1
4573386501,Influenza,1
4583850908,Influenza,1
4591384300,Influenza,1
4594556313,Influenza,1
4602970712,Influenza,1
4604431612,Influenza,1
4606841508,Influenza,1
4607870300,Influenza,1
4610324503,Influenza,1
4614596712,Influenza,1
4617736014,Influenza,1
4622384912,Influenza,1
4623301909,Influenza,1
4625766602,Influenza,1
4627589709,Influenza,1
4630688209,Influenza,1
4633924514,Influenza,1
4635245507,Influenza,1
4635787009,Influenza,1
4636668806,Influenza,1
4640599005,Influenza,1
4641172209,Influenza,1
4641561714,Influenza,1
4642419007,Influenza,1
4644674402,Influenza,1
4651997408,Influenza,1
4654807109,Influenza,1
4655350605,Influenza,1
4655419010,Influenza,1
4662233408,Influenza,1
4662783908,Influenza,1
4663907708,Influenza,1
4664536304,Influenza,1
4664885508,Influenza,1
4664972810,Influenza,1
4665753914,Influenza,1
4666729300,Influenza,1
4668791200,Influenza,1
4700184114,Influenza,1
4704494610,Influenza,1
4706356010,Influenza,1
4707799304,Influenza,1
4708392309,Influenza,1
4708462502,Influenza,1
4709275607,Influenza,1
4709551311,Influenza,1
4710667612,Influenza,1
4711931110,Influenza,1
4712694701,Influenza,1
4713206702,Influenza,1
4713334509,Influenza,1
4713446406,Influenza,1
4713839407,Influenza,1
4714500000,Influenza,1
4714992302,Influenza,1
4715469102,Influenza,1
7494721602,Influenza,1
4716319309,Influenza,1
4716498803,Influenza,1
4716805901,Influenza,1
4717941002,Influenza,1
4718273812,Influenza,1
4719867500,Influenza,1
4722479712,Influenza,1
4723331411,Influenza,1
4724286013,Influenza,1
4724584611,Influenza,1
4725167014,Influenza,1
4727311812,Influenza,1
4729302809,Influenza,1
4731395407,Influenza,1
4731722111,Influenza,1
4733832509,Influenza,1
4734782303,Influenza,1
4739740905,Influenza,1
4740604210,Influenza,1
4743570612,Influenza,1
4744301214,Influenza,1
4746397013,Influenza,1
4746430004,Influenza,1
4761868913,Influenza,1
4771038814,Influenza,1
4771476001,Influenza,1
4775903010,Influenza,1
4776691204,Influenza,1
4776755513,Influenza,1
4777903501,Influenza,1
4781827202,Influenza,1
4782307609,Influenza,1
4782790314,Influenza,1
4796039300,Influenza,1
11684175801,Influenza,1
4798481902,Influenza,1
4810454813,Influenza,1
4803214606,Influenza,1
4807767101,Influenza,1
4808759301,Influenza,1
4809821312,Influenza,1
4814312602,Influenza,1
4063589506,Influenza,1
4066600513,Influenza,1
4067007308,Influenza,1
2017367203,Influenza,1
2022300803,Influenza,1
4069912413,Influenza,1
4080055602,Influenza,1
4080537500,Influenza,1
4083980811,Influenza,1
3681132803,Influenza,1
3685420112,Influenza,1
3686955000,Influenza,1
3688065205,Influenza,1
3688871809,Influenza,1
3689806703,Influenza,1
3693177505,Influenza,1
3693761702,Influenza,1
3695471206,Influenza,1
3696975610,Influenza,1
3698467705,Influenza,1
3700276813,Influenza,1
3701404709,Influenza,1
3702986700,Influenza,1
4087661803,Influenza,1
4089564004,Influenza,1
3705562905,Influenza,1
3707069506,Influenza,1
3710492201,Influenza,1
4099583706,Influenza,1
3710783012,Influenza,1
4101511101,Influenza,1
4102534007,Influenza,1
4103614910,Influenza,1
3711923905,Influenza,1
3713860505,Influenza,1
3717441706,Influenza,1
4133099412,Influenza,1
2042612700,Influenza,1
2044375803,Influenza,1
4136789004,Influenza,1
4138501000,Influenza,1
4139882906,Influenza,1
4141968000,Influenza,1
4147909112,Influenza,1
4150759201,Influenza,1
4151533114,Influenza,1
4153531907,Influenza,1
3719684004,Influenza,1
3720283313,Influenza,1
4156077012,Influenza,1
4157603005,Influenza,1
3723966711,Influenza,1
4159989211,Influenza,1
3728109007,Influenza,1
4162803706,Influenza,1
4163337407,Influenza,1
3732990706,Influenza,1
4165105700,Influenza,1
4166862704,Influenza,1
3734415104,Influenza,1
3734826001,Influenza,1
3734926408,Influenza,1
4171734509,Influenza,1
4173662914,Influenza,1
3737795813,Influenza,1
3738918613,Influenza,1
4175532009,Influenza,1
4177056904,Influenza,1
4295514303,Influenza,1
4296965308,Influenza,1
3743242709,Influenza,1
4297637403,Influenza,1
3744535708,Influenza,1
4299773012,Influenza,1
3747259909,Influenza,1
4303397513,Influenza,1
4305642010,Influenza,1
3749135801,Influenza,1
3751113813,Influenza,1
3754562513,Influenza,1
3763673606,Influenza,1
4321577701,Influenza,1
4318772511,Influenza,1
4321480901,Influenza,1
4321828106,Influenza,1
4322235900,Influenza,1
3782219014,Influenza,1
3792142107,Influenza,1
4328613507,Influenza,1
4328872602,Influenza,1
4329371111,Influenza,1
4330275604,Influenza,1
4333615600,Influenza,1
4335329007,Influenza,1
3812839503,Influenza,1
4339495208,Influenza,1
4340890913,Influenza,1
4341998704,Influenza,1
4343632100,Influenza,1
3822686604,Influenza,1
4344923202,Influenza,1
4345784712,Influenza,1
3826244107,Influenza,1
3832285409,Influenza,1
4347695306,Influenza,1
4349921111,Influenza,1
4353297411,Influenza,1
3839406513,Influenza,1
3841385403,Influenza,1
4353762211,Influenza,1
4355060305,Influenza,1
3844345406,Influenza,1
3845778208,Influenza,1
3846380008,Influenza,1
4358231114,Influenza,1
3850234208,Influenza,1
3855308211,Influenza,1
4367082214,Influenza,1
4367450700,Influenza,1
3861963102,Influenza,1
3862435114,Influenza,1
3863858206,Influenza,1
3864694303,Influenza,1
4371298804,Influenza,1
4371981106,Influenza,1
3865189305,Influenza,1
3867180306,Influenza,1
3867864204,Influenza,1
3868324500,Influenza,1
3869878406,Influenza,1
4375786912,Influenza,1
4375831906,Influenza,1
3871694508,Influenza,1
3871810411,Influenza,1
3872362009,Influenza,1
3874528506,Influenza,1
4385713509,Influenza,1
3879903308,Influenza,1
4393191808,Influenza,1
3887116410,Influenza,1
3887682311,Influenza,1
4397689606,Influenza,1
4398632801,Influenza,1
3889757414,Influenza,1
4402338110,Influenza,1
4405828902,Influenza,1
3893843213,Influenza,1
4408980709,Influenza,1
3894902611,Influenza,1
3898069204,Influenza,1
4412401312,Influenza,1
2025906404,Influenza,1
2028198404,Influenza,1
4417723909,Influenza,1
4426313109,Influenza,1
2029859404,Influenza,1
3901252300,Influenza,1
3908796509,Influenza,1
3910663502,Influenza,1
3912679213,Influenza,1
3916850207,Influenza,1
3918524800,Influenza,1
3935210913,Influenza,1
3935755014,Influenza,1
3937184300,Influenza,1
3937536106,Influenza,1
3939322813,Influenza,1
4441195008,Influenza,1
4443971413,Influenza,1
4444342014,Influenza,1
3951260704,Influenza,1
4445776403,Influenza,1
3957010203,Influenza,1
3960169301,Influenza,1
4449020106,Influenza,1
4449427408,Influenza,1
3978708705,Influenza,1
3979386105,Influenza,1
4451969903,Influenza,1
4454225407,Influenza,1
4455778307,Influenza,1
3985700810,Influenza,1
4464123603,Influenza,1
3993349511,Influenza,1
4469853607,Influenza,1
4470230513,Influenza,1
4472136109,Influenza,1
4002805307,Influenza,1
4006949808,Influenza,1
4009495610,Influenza,1
4011031212,Influenza,1
4012842705,Influenza,1
4015721201,Influenza,1
4019120404,Influenza,1
4019479105,Influenza,1
4021205910,Influenza,1
4027836501,Influenza,1
4028754704,Influenza,1
4031869913,Influenza,1
4474032105,Influenza,1
4475735406,Influenza,1
4477821812,Influenza,1
4478608003,Influenza,1
4479471701,Influenza,1
4481243110,Influenza,1
4036787808,Influenza,1
4037973006,Influenza,1
4482466001,Influenza,1
4040144706,Influenza,1
4485156904,Influenza,1
4042616605,Influenza,1
4487313114,Influenza,1
4047912702,Influenza,1
4053373910,Influenza,1
4494043912,Influenza,1
4495616913,Influenza,1
4055953510,Influenza,1
4497223904,Influenza,1
4057993310,Influenza,1
4062502006,Influenza,1
4499535114,Influenza,1
4500325411,Influenza,1
4502520214,Influenza,1
4515760605,Influenza,1
4511880414,Influenza,1
4513851504,Influenza,1
4514443509,Influenza,1
4517746206,Influenza,1
4526739208,Influenza,1
4530118710,Influenza,1
4534288005,Influenza,1
4534607214,Influenza,1
4539745907,Influenza,1
4541133201,Influenza,1
4542377912,Influenza,1
4546001412,Influenza,1
4547956513,Influenza,1
4553781407,Influenza,1
4558959112,Influenza,1
4559857002,Influenza,1
4560767014,Influenza,1
4569955414,Influenza,1
4572937712,Influenza,1
4583502713,Influenza,1
4584372810,Influenza,1
4598367107,Influenza,1
4602671012,Influenza,1
4605356600,Influenza,1
4607707014,Influenza,1
4614442110,Influenza,1
4619280207,Influenza,1
4623083314,Influenza,1
4624252302,Influenza,1
4627643705,Influenza,1
4633654508,Influenza,1
4636974609,Influenza,1
4640980403,Influenza,1
4644548302,Influenza,1
4646151808,Influenza,1
4648001506,Influenza,1
4652107807,Influenza,1
4654899002,Influenza,1
4662331600,Influenza,1
4663096306,Influenza,1
4663814111,Influenza,1
4664306002,Influenza,1
4664910210,Influenza,1
4665643104,Influenza,1
4670173801,Influenza,1
4699874508,Influenza,1
4716220613,Influenza,1
4702949011,Influenza,1
4705967711,Influenza,1
4707516303,Influenza,1
4708013909,Influenza,1
4708729609,Influenza,1
4710504508,Influenza,1
4711999305,Influenza,1
4712680904,Influenza,1
4713088902,Influenza,1
4714146406,Influenza,1
4715238404,Influenza,1
4715587300,Influenza,1
4716397214,Influenza,1
4717931607,Influenza,1
4720831403,Influenza,1
4722935113,Influenza,1
4724214808,Influenza,1
4727242603,Influenza,1
4727700406,Influenza,1
4729097800,Influenza,1
4734030408,Influenza,1
4734800205,Influenza,1
4741795612,Influenza,1
4744355313,Influenza,1
4746377410,Influenza,1
4747237213,Influenza,1
4755526304,Influenza,1
4761591602,Influenza,1
4769246814,Influenza,1
4771200407,Influenza,1
4776680802,Influenza,1
4784901511,Influenza,1
4786269900,Influenza,1
4807831709,Influenza,1
4802652109,Influenza,1
4803949705,Influenza,1
4807844201,Influenza,1
4812950000,Influenza,1
4814093314,Influenza,1
4064097801,Influenza,1
4068310306,Influenza,1
4068464409,Influenza,1
4073690809,Influenza,1
4078572012,Influenza,1
4081658408,Influenza,1
4084973314,Influenza,1
3686504402,Influenza,1
3688517804,Influenza,1
3694769709,Influenza,1
3696787110,Influenza,1
3698913506,Influenza,1
3702332600,Influenza,1
3703776008,Influenza,1
3704687400,Influenza,1
3706212312,Influenza,1
4103269214,Influenza,1
4592233403,Influenza,1
4767192009,Influenza,1
4139646609,Influenza,1
4151152610,Influenza,1
3721905410,Influenza,1
4162730414,Influenza,1
3734844611,Influenza,1
3736114204,Influenza,1
3738471007,Influenza,1
4176758101,Influenza,1
4296126811,Influenza,1
3742315006,Influenza,1
4298731407,Influenza,1
4305337804,Influenza,1
3750682801,Influenza,1
3755165805,Influenza,1
3762632400,Influenza,1
4313894201,Influenza,1
4321173406,Influenza,1
4321901212,Influenza,1
4326544708,Influenza,1
4332559913,Influenza,1
4338577711,Influenza,1
3817269010,Influenza,1
4343036308,Influenza,1
4344972806,Influenza,1
3830764201,Influenza,1
4347985113,Influenza,1
3838275309,Influenza,1
3842052601,Influenza,1
3845299709,Influenza,1
3854128913,Influenza,1
4368140607,Influenza,1
3863627812,Influenza,1
4370588309,Influenza,1
4374163508,Influenza,1
4375987713,Influenza,1
4376567503,Influenza,1
3873158101,Influenza,1
3874946408,Influenza,1
3885220608,Influenza,1
3887499011,Influenza,1
26677112609,Influenza,1
3890919307,Influenza,1
4405332305,Influenza,1
3893593000,Influenza,1
4410165404,Influenza,1
3899543900,Influenza,1
4415796108,Influenza,1
4426389600,Influenza,1
4431561113,Influenza,1
3910854410,Influenza,1
3917910210,Influenza,1
3935688204,Influenza,1
3939489401,Influenza,1
4445603113,Influenza,1
3959627514,Influenza,1
4450683713,Influenza,1
4451788603,Influenza,1
4455112011,Influenza,1
3986050301,Influenza,1
3989191304,Influenza,1
3992282905,Influenza,1
4470159108,Influenza,1
4001445213,Influenza,1
4007823009,Influenza,1
4012653702,Influenza,1
4016968809,Influenza,1
4020911211,Influenza,1
4028301007,Influenza,1
4031281102,Influenza,1
4474784209,Influenza,1
4478298013,Influenza,1
4035105214,Influenza,1
4482127409,Influenza,1
4487140511,Influenza,1
4491912506,Influenza,1
4056646612,Influenza,1
4061546210,Influenza,1
4499655414,Influenza,1
4503513912,Influenza,1
4507238901,Influenza,1
4512969309,Influenza,1
4515143710,Influenza,1
4520420902,Influenza,1
4527419505,Influenza,1
4530282905,Influenza,1
4534394704,Influenza,1
4540723209,Influenza,1
4545266310,Influenza,1
4559328711,Influenza,1
4577819900,Influenza,1
4572377711,Influenza,1
4591212102,Influenza,1
4601142204,Influenza,1
4606571710,Influenza,1
4610810908,Influenza,1
4617193711,Influenza,1
4623331813,Influenza,1
4630358708,Influenza,1
4633907808,Influenza,1
4636000104,Influenza,1
4640791000,Influenza,1
4644196004,Influenza,1
4646898309,Influenza,1
4654729312,Influenza,1
4662417707,Influenza,1
4664148209,Influenza,1
4665181211,Influenza,1
4667376109,Influenza,1
4700189010,Influenza,1
4704442903,Influenza,1
4707727111,Influenza,1
4709335305,Influenza,1
4712231711,Influenza,1
4713216812,Influenza,1
4714579010,Influenza,1
4716174203,Influenza,1
4718277900,Influenza,1
4721206501,Influenza,1
4730366601,Influenza,1
4731633910,Influenza,1
4734172705,Influenza,1
4740362009,Influenza,1
4744289202,Influenza,1
4746398900,Influenza,1
4760478903,Influenza,1
4770967306,Influenza,1
4776098108,Influenza,1
4779154012,Influenza,1
4794331510,Influenza,1
4808624107,Influenza,1
4813405606,Influenza,1
4066644509,Influenza,1
2021968404,Influenza,1
4077970104,Influenza,1
4083001406,Influenza,1
3687729007,Influenza,1
3693370212,Influenza,1
3697454209,Influenza,1
3703241606,Influenza,1
3706058901,Influenza,1
3710646913,Influenza,1
3718889203,Influenza,1
2047236204,Influenza,1
4141381808,Influenza,1
4151998210,Influenza,1
3728695405,Influenza,1
3739630802,Influenza,1
3741963808,Influenza,1
3748849800,Influenza,1
3760689406,Influenza,1
3770117502,Influenza,1
3784634806,Influenza,1
3795076312,Influenza,1
4334789803,Influenza,1
3821198200,Influenza,1
4166103505,Influenza,1
4354310513,Influenza,1
3846119902,Influenza,1
4366736901,Influenza,1
3862185612,Influenza,1
4371581711,Influenza,1
3867538412,Influenza,1
4375794209,Influenza,1
4377717703,Influenza,1
4385279509,Influenza,1
4394216714,Influenza,1
4398918707,Influenza,1
4405835900,Influenza,1
3896795113,Influenza,1
2026856403,Influenza,1
2030609801,Influenza,1
3913606107,Influenza,1
3919476104,Influenza,1
3955868606,Influenza,1
3973615903,Influenza,1
3978824110,Influenza,1
4456100614,Influenza,1
4459775011,Influenza,1
4468817507,Influenza,1
4014117412,Influenza,1
4022933500,Influenza,1
4034089104,Influenza,1
4037351713,Influenza,1
4055611514,Influenza,1
4499331509,Influenza,1
4505012911,Influenza,1
4533937714,Influenza,1
4575727908,Influenza,1
4595249302,Influenza,1
4608816814,Influenza,1
4622426006,Influenza,1
4633280909,Influenza,1
4638725806,Influenza,1
4645267502,Influenza,1
4655397102,Influenza,1
4664784101,Influenza,1
4671338209,Influenza,1
4706618706,Influenza,1
4713616400,Influenza,1
4716609909,Influenza,1
4723857913,Influenza,1
4735398612,Influenza,1
4746023714,Influenza,1
4767570414,Influenza,1
4776942603,Influenza,1
4800481108,Influenza,1
4811000508,Influenza,1
1911226403,Influenza,1
3689351313,Influenza,1
3700887800,Influenza,1
3707414007,Influenza,1
3714029412,Influenza,1
3719975111,Influenza,1
4163560409,Influenza,1
3737521304,Influenza,1
3743640403,Influenza,1
3751862101,Influenza,1
4319017608,Influenza,1
4328640911,Influenza,1
3811889511,Influenza,1
4344477006,Influenza,1
3840809705,Influenza,1
3864397903,Influenza,1
3869375613,Influenza,1
3874212805,Influenza,1
4407082408,Influenza,1
4424494107,Influenza,1
3917625903,Influenza,1
4437113713,Influenza,1
4624560710,Influenza,1
3981030303,Influenza,1
3994905706,Influenza,1
4028765603,Influenza,1
4487125801,Influenza,1
4509216510,Influenza,1
4528950609,Influenza,1
4541669009,Influenza,1
4568506702,Influenza,1
4604177101,Influenza,1
4627514107,Influenza,1
4641520012,Influenza,1
4663601509,Influenza,1
4701359904,Influenza,1
4712707603,Influenza,1
4733530808,Influenza,1
4754025808,Influenza,1
4785617806,Influenza,1
4062846600,Influenza,1
3682703704,Influenza,1
4133416714,Influenza,1
3724156412,Influenza,1
4313091313,Influenza,1
4331631106,Influenza,1
4346998107,Influenza,1
3891821801,Influenza,1
3909877403,Influenza,1
4444811101,Influenza,1
3986926912,Influenza,1
4019382007,Influenza,1
4483891803,Influenza,1
4635366510,Influenza,1
4666727601,Influenza,1
4715479301,Influenza,1
4804371801,Influenza,1
3696259507,Influenza,1
4149813511,Influenza,1
4301813505,Influenza,1
4341508603,Influenza,1
3865610512,Influenza,1
3644630507,Influenza,1
4477145906,Influenza,1
4613486011,Influenza,1
4708432814,Influenza,1
4101581208,Influenza,1
3776830210,Influenza,1
4392021205,Influenza,1
3997873510,Influenza,1
4558525208,Influenza,1
3734576412,Influenza,1
3928497204,Influenza,1
4651895711,Influenza,1
4355655913,Influenza,1
4493870712,Influenza,1
4064097801,Influenza,3
1911226403,Influenza,3
1912823102,Influenza,3
4068486611,Influenza,3
4068667305,Influenza,3
2017367203,Influenza,2
2017992501,Influenza,3
2019518502,Influenza,2
2021968404,Influenza,3
4069414303,Influenza,2
4069600809,Influenza,2
2023192903,Influenza,3
2023366402,Influenza,3
4069859712,Influenza,2
4069912413,Influenza,2
4069926002,Influenza,2
4070258809,Influenza,3
4070364800,Influenza,3
4070428512,Influenza,2
4070662607,Influenza,2
4071254101,Influenza,2
4074628300,Influenza,2
4076360514,Influenza,2
4077869514,Influenza,3
4077970104,Influenza,3
4078195804,Influenza,2
4078868500,Influenza,2
4079131604,Influenza,2
4080055602,Influenza,3
4080154206,Influenza,3
4080333506,Influenza,3
4080537500,Influenza,3
4083001406,Influenza,3
4083696105,Influenza,2
3680445400,Influenza,2
3680750207,Influenza,3
3681897500,Influenza,3
3682129801,Influenza,3
3684664704,Influenza,3
3685420112,Influenza,3
3685752207,Influenza,3
3686273411,Influenza,2
3686504402,Influenza,2
3686751301,Influenza,2
3686955000,Influenza,2
3687632308,Influenza,3
3687729007,Influenza,2
3687913301,Influenza,2
3688159108,Influenza,3
3688374700,Influenza,3
3688517804,Influenza,3
3688871809,Influenza,3
3689351313,Influenza,3
3689806703,Influenza,3
3690357207,Influenza,2
3692125314,Influenza,2
3693177505,Influenza,2
3694155406,Influenza,3
3694402205,Influenza,3
3694769709,Influenza,2
3695471206,Influenza,2
3696543306,Influenza,2
3697399811,Influenza,2
3698467705,Influenza,3
3698913506,Influenza,2
3700276813,Influenza,3
3700429610,Influenza,2
3700887800,Influenza,2
3701237009,Influenza,3
3701404709,Influenza,3
3701697706,Influenza,3
3703776008,Influenza,3
3703783507,Influenza,2
4087616608,Influenza,2
4088122702,Influenza,3
4088645710,Influenza,3
4089721414,Influenza,3
3704687400,Influenza,2
3704931101,Influenza,2
3706033306,Influenza,2
3706058901,Influenza,2
4091111711,Influenza,3
4091174402,Influenza,2
4092428910,Influenza,2
3706212312,Influenza,2
3706693013,Influenza,2
3706993109,Influenza,3
3707096204,Influenza,3
3708853202,Influenza,3
3710492201,Influenza,2
4097784407,Influenza,3
4098680604,Influenza,3
4099312511,Influenza,3
4099577707,Influenza,2
3710551711,Influenza,2
3710521810,Influenza,3
3710646913,Influenza,3
3710747105,Influenza,2
3710783012,Influenza,3
3710792102,Influenza,2
4100442104,Influenza,3
4101491602,Influenza,3
4101511101,Influenza,3
4101574411,Influenza,3
4101872100,Influenza,3
4102534007,Influenza,3
3710800300,Influenza,2
3710966914,Influenza,3
3711118304,Influenza,3
3711044605,Influenza,3
3711195205,Influenza,2
3711363805,Influenza,3
4102812905,Influenza,2
4102853105,Influenza,3
4103269214,Influenza,2
4103273914,Influenza,3
4103614910,Influenza,3
4103653802,Influenza,3
4104516003,Influenza,3
4104741800,Influenza,2
4106412809,Influenza,3
3711923905,Influenza,2
3713616208,Influenza,2
4592233403,Influenza,2
3714539712,Influenza,2
3713860505,Influenza,3
3714029412,Influenza,3
3715071309,Influenza,2
4112711902,Influenza,2
4114116802,Influenza,3
3714184800,Influenza,3
3715069711,Influenza,2
4117013501,Influenza,3
4120761905,Influenza,3
3718731011,Influenza,2
4127104006,Influenza,3
4127290806,Influenza,3
4128317608,Influenza,2
4129005214,Influenza,2
4129221009,Influenza,2
4129708105,Influenza,3
4133193302,Influenza,3
2042612700,Influenza,2
2043255001,Influenza,3
2043818401,Influenza,2
2044375803,Influenza,2
2046457504,Influenza,3
2047236204,Influenza,2
2047671002,Influenza,2
4134578800,Influenza,3
4136545003,Influenza,3
4138401408,Influenza,2
4138490213,Influenza,3
4138501505,Influenza,3
4139646609,Influenza,3
4139801011,Influenza,2
4139882906,Influenza,3
4140652808,Influenza,3
4140854500,Influenza,3
4150648301,Influenza,3
4151472409,Influenza,2
4151533114,Influenza,2
4152540506,Influenza,2
4152653914,Influenza,3
4153542014,Influenza,2
4153793413,Influenza,2
4153863714,Influenza,3
4153996013,Influenza,2
4154262009,Influenza,3
4154719509,Influenza,3
3719065603,Influenza,2
3719830401,Influenza,3
3720173007,Influenza,2
3720343307,Influenza,3
3720468614,Influenza,2
4155947511,Influenza,3
4156077012,Influenza,2
11595650811,Influenza,3
3724156412,Influenza,2
4159989211,Influenza,2
4161227109,Influenza,3
4162730414,Influenza,3
3725800602,Influenza,2
3728109007,Influenza,3
3728664814,Influenza,3
3728695405,Influenza,2
3728783313,Influenza,2
4162803706,Influenza,2
4163337407,Influenza,3
4163528202,Influenza,3
4164665200,Influenza,2
3733472202,Influenza,3
4166862704,Influenza,3
4167331606,Influenza,3
4168647302,Influenza,2
4168794106,Influenza,3
4169013713,Influenza,2
3734380611,Influenza,2
3734415104,Influenza,3
3734826001,Influenza,3
3734836209,Influenza,3
4169249106,Influenza,3
4170287011,Influenza,3
4170424008,Influenza,3
3734926408,Influenza,3
3735043814,Influenza,3
4170825607,Influenza,3
4173662914,Influenza,3
4174178812,Influenza,3
4174322702,Influenza,2
4175293601,Influenza,2
3737521304,Influenza,2
3738444810,Influenza,3
3738471007,Influenza,3
3738564906,Influenza,2
3738918613,Influenza,2
3739398313,Influenza,2
3739630802,Influenza,2
3740340602,Influenza,2
4175532009,Influenza,3
4178186900,Influenza,2
4178336906,Influenza,3
4295383800,Influenza,3
4295400808,Influenza,3
4295421311,Influenza,2
4295514303,Influenza,3
4296126811,Influenza,3
4296507803,Influenza,2
3741094011,Influenza,2
3741106305,Influenza,2
3741963808,Influenza,3
3742000813,Influenza,3
3742024711,Influenza,3
4296522409,Influenza,3
4296695414,Influenza,3
4296832505,Influenza,3
4296965308,Influenza,3
4297171212,Influenza,3
4297424811,Influenza,3
3742657306,Influenza,3
3743640403,Influenza,3
3743739810,Influenza,3
4298059309,Influenza,2
4298699104,Influenza,2
4298731407,Influenza,2
3743977508,Influenza,3
3744535708,Influenza,3
3745852008,Influenza,2
4300969109,Influenza,2
3747031009,Influenza,3
3747898807,Influenza,2
4301813505,Influenza,2
4302923609,Influenza,3
4303397513,Influenza,2
4304111502,Influenza,2
4304354810,Influenza,2
4305375404,Influenza,2
4305642010,Influenza,3
3748182614,Influenza,2
3748671214,Influenza,3
3748849800,Influenza,2
3749103908,Influenza,2
3750155906,Influenza,3
3750263111,Influenza,3
3750682801,Influenza,3
3751367509,Influenza,3
3751862101,Influenza,2
3754562513,Influenza,3
3754654307,Influenza,2
3755165805,Influenza,3
4312408511,Influenza,3
3762632400,Influenza,2
3763474308,Influenza,2
3763582707,Influenza,2
3764129812,Influenza,2
4313078007,Influenza,3
4313091313,Influenza,2
4314353109,Influenza,3
4314658112,Influenza,3
4321577701,Influenza,2
4314993109,Influenza,2
3769743807,Influenza,2
3770117502,Influenza,2
3770204910,Influenza,2
3770793902,Influenza,2
4317760800,Influenza,3
4318729613,Influenza,3
4318772511,Influenza,3
4318869909,Influenza,3
4318886009,Influenza,3
4319722603,Influenza,3
4321117302,Influenza,3
4321480901,Influenza,3
4322103512,Influenza,3
4322235900,Influenza,3
3774368704,Influenza,2
3774727404,Influenza,3
3776678612,Influenza,3
3776830210,Influenza,2
4326544708,Influenza,2
4326683106,Influenza,3
3782219014,Influenza,3
3784634806,Influenza,3
3791747106,Influenza,2
3792307413,Influenza,3
3792483705,Influenza,3
3793050702,Influenza,2
3794598301,Influenza,3
4328613507,Influenza,2
4328631603,Influenza,3
4328959214,Influenza,3
4329031609,Influenza,2
4329371111,Influenza,2
3795076312,Influenza,2
3795893600,Influenza,3
3800152200,Influenza,3
4329730414,Influenza,3
4329792013,Influenza,3
4330105514,Influenza,2
4330944213,Influenza,2
4330979709,Influenza,3
3803736207,Influenza,3
3804287702,Influenza,2
3804789103,Influenza,3
3804805010,Influenza,3
3805543501,Influenza,3
3805548011,Influenza,3
3805669100,Influenza,3
4332559913,Influenza,3
4332870407,Influenza,3
4333615600,Influenza,3
4333996104,Influenza,3
4334093809,Influenza,3
4335149205,Influenza,2
4335329007,Influenza,2
3809680410,Influenza,3
3811282210,Influenza,3
3813259600,Influenza,3
4339980506,Influenza,3
4340279404,Influenza,2
4340327509,Influenza,2
4341491009,Influenza,2
3817620610,Influenza,3
3818035104,Influenza,2
3818407608,Influenza,2
4342037304,Influenza,3
4342417014,Influenza,3
3819975604,Influenza,3
3820037805,Influenza,3
3820776603,Influenza,3
4343006711,Influenza,3
4343190414,Influenza,3
4343518405,Influenza,3
4343632100,Influenza,2
3821139608,Influenza,3
3822231211,Influenza,2
3822715603,Influenza,2
3822965310,Influenza,3
11684175801,Influenza,2
4344180307,Influenza,3
4344446510,Influenza,2
4344477006,Influenza,3
4344972806,Influenza,2
4345500211,Influenza,2
4345784712,Influenza,2
4166103505,Influenza,3
3826105704,Influenza,3
3826244107,Influenza,3
3827137005,Influenza,3
3830764201,Influenza,3
3832563813,Influenza,2
4347493308,Influenza,2
4347985113,Influenza,3
4348028613,Influenza,3
4348454612,Influenza,3
4348879100,Influenza,3
4349668612,Influenza,3
4349921111,Influenza,3
3834664412,Influenza,3
4353145409,Influenza,3
4353507712,Influenza,3
3838365602,Influenza,2
3839406513,Influenza,3
3840621901,Influenza,3
3840809705,Influenza,2
3842052601,Influenza,2
3842302507,Influenza,2
4353762211,Influenza,2
4354194607,Influenza,2
4354208507,Influenza,2
4354833114,Influenza,3
4355038404,Influenza,3
4355051903,Influenza,3
3842612012,Influenza,2
3843091112,Influenza,3
4355064806,Influenza,3
4356337512,Influenza,2
3843317200,Influenza,3
3843561013,Influenza,2
3845053214,Influenza,2
3845299709,Influenza,3
3846119902,Influenza,2
3846380008,Influenza,2
3846501810,Influenza,2
3846864102,Influenza,2
4357990514,Influenza,3
4358345500,Influenza,2
4358364601,Influenza,3
4358433505,Influenza,3
4359292105,Influenza,3
3850231902,Influenza,2
4361926713,Influenza,3
4362572201,Influenza,3
4363758806,Influenza,3
4364419807,Influenza,3
3853397305,Influenza,3
3853469002,Influenza,3
3854281905,Influenza,2
4365593610,Influenza,3
4366736901,Influenza,2
4366769702,Influenza,3
4366891503,Influenza,3
4367040808,Influenza,2
4367082214,Influenza,2
3855641401,Influenza,3
3855921304,Influenza,2
3856299704,Influenza,2
3856497309,Influenza,3
4367292106,Influenza,3
4368063503,Influenza,3
4368247210,Influenza,3
3862101111,Influenza,2
3862111708,Influenza,2
3862185612,Influenza,3
3863627812,Influenza,2
3863646002,Influenza,3
3864397903,Influenza,3
3864663409,Influenza,3
3864714309,Influenza,3
3864728011,Influenza,3
4371177014,Influenza,3
4371534109,Influenza,3
4371581711,Influenza,3
4371981106,Influenza,3
3864802907,Influenza,3
3865189305,Influenza,2
3865296811,Influenza,3
3865610512,Influenza,3
3865758809,Influenza,2
3866298001,Influenza,3
3866380000,Influenza,2
3867166606,Influenza,3
3867339708,Influenza,3
4374163508,Influenza,3
4374269502,Influenza,3
4374444600,Influenza,3
4374606012,Influenza,2
3867538412,Influenza,2
3867817114,Influenza,2
3868222107,Influenza,2
3868324500,Influenza,3
3868921110,Influenza,2
3869878406,Influenza,2
4375831906,Influenza,3
4375974405,Influenza,3
3871029206,Influenza,2
3871694508,Influenza,3
3871756610,Influenza,2
3871810411,Influenza,3
4377312909,Influenza,3
3872362009,Influenza,2
3872962305,Influenza,3
4377362909,Influenza,2
4377717703,Influenza,2
4377847107,Influenza,3
4377868201,Influenza,3
4377901003,Influenza,3
4378742101,Influenza,3
3873609908,Influenza,3
3874116012,Influenza,3
3874212805,Influenza,2
3874347704,Influenza,2
4384827410,Influenza,3
6284852306,Influenza,3
3877584002,Influenza,3
3877956211,Influenza,3
3878042912,Influenza,3
3879070508,Influenza,3
3882079809,Influenza,2
3882716803,Influenza,2
3883216912,Influenza,3
3884070102,Influenza,2
3884368800,Influenza,3
3884708300,Influenza,3
4392021205,Influenza,2
4393036509,Influenza,3
4393191808,Influenza,2
4393404802,Influenza,3
3885220608,Influenza,3
3885744802,Influenza,3
4393530506,Influenza,3
4393879903,Influenza,3
4394520011,Influenza,2
3887499011,Influenza,2
3887528114,Influenza,2
4396427411,Influenza,2
4397931804,Influenza,3
4398218601,Influenza,3
4398469713,Influenza,3
4398756512,Influenza,3
4398918707,Influenza,2
4399535908,Influenza,3
3889757414,Influenza,2
3889803111,Influenza,3
3890689903,Influenza,3
3890919307,Influenza,2
3891196304,Influenza,2
4403261704,Influenza,2
4403443912,Influenza,2
3891821801,Influenza,3
3892041202,Influenza,3
3892917806,Influenza,3
4405005410,Influenza,2
4405332305,Influenza,2
4406195403,Influenza,2
3893083609,Influenza,3
3893794403,Influenza,3
3893843213,Influenza,2
4407692509,Influenza,3
4408059703,Influenza,2
4408137406,Influenza,2
4410151008,Influenza,3
3894154300,Influenza,3
3894902611,Influenza,2
3895571411,Influenza,3
3895708902,Influenza,3
3896258004,Influenza,2
3896795113,Influenza,3
4411205603,Influenza,2
3896930006,Influenza,3
3898311613,Influenza,3
4412401312,Influenza,2
2025906404,Influenza,2
2027440702,Influenza,3
2028198404,Influenza,2
4415796108,Influenza,2
4417723909,Influenza,2
4428035110,Influenza,3
2030601202,Influenza,3
2030609801,Influenza,3
2036480701,Influenza,3
3899701802,Influenza,3
3900706006,Influenza,3
3901250402,Influenza,2
3901252300,Influenza,2
3902745508,Influenza,3
4431115314,Influenza,3
4431561113,Influenza,3
4432054902,Influenza,2
4432154612,Influenza,3
3905675000,Influenza,2
3908420204,Influenza,3
3908796509,Influenza,3
3909453312,Influenza,3
3909877403,Influenza,2
3909955702,Influenza,3
4432608800,Influenza,3
4432764101,Influenza,3
3910850503,Influenza,2
3910854410,Influenza,2
3912679213,Influenza,3
3913102709,Influenza,3
3913606107,Influenza,3
3914091512,Influenza,2
3915339712,Influenza,3
3915390314,Influenza,3
3916363206,Influenza,2
3917625903,Influenza,3
3917665113,Influenza,3
3918442006,Influenza,3
3918455808,Influenza,3
3919459308,Influenza,2
3920076311,Influenza,3
3923795712,Influenza,3
3924270610,Influenza,3
3926162604,Influenza,2
3927161705,Influenza,2
3927361205,Influenza,3
3928497204,Influenza,3
3935523707,Influenza,3
3935688204,Influenza,3
3935711407,Influenza,2
3936149212,Influenza,3
3937184300,Influenza,3
3937273901,Influenza,3
3937536106,Influenza,3
4436851601,Influenza,3
4437113713,Influenza,3
3938461902,Influenza,3
3939284406,Influenza,3
3939894211,Influenza,3
4437524401,Influenza,3
4439113701,Influenza,3
4440739100,Influenza,3
4440790207,Influenza,3
3944332204,Influenza,3
3944398600,Influenza,2
4443556909,Influenza,2
4443971413,Influenza,3
3948991704,Influenza,3
4444811101,Influenza,2
3951479108,Influenza,2
3951636113,Influenza,3
3951936203,Influenza,3
3952889512,Influenza,3
4445251904,Influenza,2
4445691808,Influenza,2
3953328802,Influenza,3
3954170509,Influenza,2
3955690000,Influenza,3
3955710301,Influenza,2
3957010203,Influenza,2
3957079108,Influenza,3
3959186913,Influenza,3
3959301505,Influenza,3
3964791503,Influenza,3
3966104708,Influenza,3
3967184214,Influenza,3
3969626708,Influenza,3
3973615903,Influenza,3
3974294305,Influenza,2
3975885509,Influenza,3
3976559002,Influenza,3
3977326101,Influenza,3
4448819102,Influenza,2
4449020106,Influenza,2
4449149608,Influenza,2
4449217913,Influenza,2
4449427408,Influenza,2
4449459303,Influenza,2
4449886905,Influenza,2
4450878307,Influenza,2
4451014309,Influenza,3
4451058110,Influenza,3
4451788603,Influenza,3
4452090300,Influenza,2
3980018803,Influenza,3
3981284510,Influenza,3
3981588413,Influenza,2
3981618914,Influenza,2
3981707709,Influenza,2
3982357509,Influenza,3
3982445103,Influenza,3
3983712613,Influenza,3
3983933313,Influenza,3
3984693504,Influenza,3
3985700810,Influenza,3
3985890707,Influenza,2
3986050301,Influenza,2
3986736503,Influenza,3
3986828910,Influenza,3
3987216913,Influenza,3
4459600106,Influenza,2
4460982214,Influenza,3
4464146200,Influenza,3
4464314607,Influenza,2
4464858014,Influenza,3
4465214804,Influenza,3
4465225504,Influenza,3
3993027504,Influenza,3
3993349511,Influenza,2
3994455308,Influenza,3
3994905706,Influenza,2
3994943803,Influenza,2
3995872203,Influenza,3
4468538708,Influenza,3
3996468505,Influenza,2
3996700407,Influenza,2
3996703305,Influenza,3
4624560710,Influenza,2
4469298613,Influenza,2
4469853607,Influenza,3
4469987105,Influenza,3
4470159108,Influenza,2
4470186001,Influenza,3
3997873510,Influenza,2
3999344504,Influenza,3
3999478506,Influenza,3
4470994504,Influenza,3
4005143700,Influenza,3
4008106101,Influenza,2
4008243406,Influenza,3
4010198702,Influenza,2
4010737109,Influenza,3
4011031212,Influenza,3
4012548706,Influenza,3
4012653702,Influenza,2
4012777001,Influenza,3
4013870013,Influenza,3
4014004806,Influenza,3
4014201810,Influenza,3
4014810706,Influenza,3
4016909301,Influenza,3
4016968809,Influenza,2
3644630507,Influenza,2
4019120404,Influenza,2
4019254603,Influenza,3
4019382007,Influenza,3
4019387711,Influenza,3
4019479105,Influenza,2
4019896106,Influenza,3
4020601608,Influenza,3
4021054508,Influenza,3
4021205910,Influenza,3
4022096500,Influenza,3
4023969314,Influenza,3
4024130300,Influenza,3
4026706902,Influenza,3
4027605703,Influenza,3
4027836501,Influenza,3
4028181409,Influenza,3
4028301007,Influenza,3
4028652607,Influenza,3
4028754704,Influenza,3
4028765603,Influenza,3
4767192009,Influenza,3
4030252104,Influenza,3
4031869913,Influenza,3
4031870211,Influenza,2
4032163803,Influenza,2
4473660213,Influenza,3
4474032105,Influenza,2
4474439509,Influenza,2
4477243309,Influenza,3
4477851814,Influenza,2
4478298013,Influenza,2
4478460202,Influenza,2
4478608003,Influenza,3
4478769311,Influenza,2
4033837602,Influenza,3
4478959813,Influenza,3
4479471701,Influenza,3
4034711514,Influenza,2
4035105214,Influenza,2
4035417810,Influenza,2
4035629506,Influenza,2
4479972707,Influenza,3
4479979904,Influenza,2
4480403901,Influenza,3
4480707400,Influenza,3
4481153707,Influenza,2
4481224201,Influenza,2
4481243110,Influenza,2
4481250905,Influenza,2
4481265102,Influenza,3
4481462013,Influenza,3
4481506204,Influenza,2
4481747506,Influenza,3
4481752008,Influenza,2
4036787808,Influenza,3
4037924208,Influenza,3
4037973006,Influenza,2
4038137706,Influenza,3
4038237408,Influenza,3
4482127409,Influenza,3
4482159411,Influenza,3
4482466001,Influenza,3
4483425509,Influenza,2
4483891803,Influenza,3
4038315211,Influenza,2
4040144706,Influenza,3
4484878608,Influenza,3
4485138804,Influenza,3
4485156904,Influenza,2
4486076802,Influenza,2
4486391312,Influenza,3
4041277305,Influenza,3
4041661204,Influenza,3
4042616605,Influenza,2
4487313114,Influenza,2
4488376213,Influenza,3
4044158014,Influenza,3
4044723313,Influenza,2
4491912506,Influenza,2
4492298012,Influenza,3
4051829502,Influenza,2
4053373910,Influenza,2
4493411507,Influenza,3
4493634407,Influenza,2
4493870712,Influenza,2
4496423800,Influenza,2
4497223904,Influenza,3
4497270905,Influenza,2
4497559511,Influenza,2
4057229510,Influenza,2
4058485709,Influenza,2
4059799110,Influenza,3
4061640800,Influenza,2
4061758707,Influenza,2
4061803711,Influenza,3
4062311310,Influenza,3
4062339603,Influenza,3
4062496003,Influenza,3
4062502006,Influenza,3
4499117302,Influenza,3
4499171404,Influenza,2
4499331509,Influenza,3
4500309802,Influenza,3
4500375401,Influenza,3
4500497811,Influenza,3
4500830008,Influenza,3
4500876301,Influenza,2
4501329700,Influenza,3
4501784808,Influenza,3
4502520214,Influenza,3
4503101711,Influenza,2
4503513912,Influenza,3
4503626708,Influenza,3
4503809211,Influenza,2
4505012911,Influenza,2
4505580003,Influenza,3
4507906912,Influenza,3
4508180613,Influenza,3
4508325706,Influenza,3
4508998514,Influenza,3
2057615203,Influenza,3
4511309405,Influenza,3
4511584801,Influenza,2
4511880414,Influenza,2
4514178103,Influenza,3
4514178803,Influenza,2
4514443509,Influenza,2
4514586009,Influenza,3
4515117809,Influenza,3
4515143710,Influenza,3
4515411704,Influenza,3
4515614906,Influenza,3
4516172803,Influenza,3
4517229100,Influenza,3
4518067807,Influenza,3
4518489202,Influenza,3
4518728711,Influenza,2
4520346310,Influenza,3
4521108901,Influenza,2
4522006603,Influenza,3
4522044912,Influenza,3
4526957901,Influenza,3
4528406714,Influenza,3
4528412403,Influenza,3
4528769509,Influenza,2
4528950609,Influenza,2
5150877506,Influenza,3
4530282905,Influenza,2
4532588112,Influenza,3
4533649108,Influenza,3
4534156808,Influenza,3
4534288005,Influenza,3
4534313403,Influenza,3
4534394704,Influenza,2
4534599100,Influenza,3
4534616112,Influenza,2
4535032105,Influenza,3
4536339605,Influenza,3
4536894104,Influenza,2
4537344706,Influenza,3
4537360401,Influenza,2
4537761713,Influenza,3
4538494002,Influenza,3
4538743510,Influenza,2
4539558314,Influenza,2
4540029413,Influenza,2
4540397610,Influenza,3
4540634013,Influenza,2
4540893701,Influenza,3
4541133201,Influenza,2
4541839209,Influenza,3
4542377912,Influenza,2
4542848012,Influenza,3
4546001412,Influenza,3
4546442604,Influenza,3
2874199707,Influenza,3
4547082004,Influenza,3
4550030806,Influenza,3
4553781407,Influenza,3
4554053502,Influenza,2
4558525208,Influenza,2
4558959112,Influenza,2
4559183610,Influenza,3
4560507401,Influenza,3
8919136511,Influenza,3
4560916001,Influenza,3
4577819900,Influenza,2
4562952401,Influenza,3
4565053812,Influenza,3
4565412401,Influenza,3
4567033211,Influenza,3
4567132403,Influenza,3
4567697212,Influenza,2
4568680207,Influenza,2
4569955414,Influenza,3
4570628208,Influenza,3
4571404903,Influenza,3
4572377711,Influenza,2
4572708105,Influenza,3
4572789205,Influenza,3
4573386501,Influenza,2
4575568308,Influenza,3
4575727908,Influenza,2
4576866710,Influenza,3
4578427806,Influenza,3
4578524014,Influenza,3
4579178714,Influenza,3
4581444105,Influenza,3
4582247003,Influenza,3
4582993102,Influenza,3
4583990810,Influenza,2
4584081911,Influenza,2
4584323110,Influenza,2
4584372810,Influenza,2
4585345111,Influenza,3
4588369509,Influenza,2
4588961512,Influenza,3
4589210911,Influenza,3
4589299512,Influenza,2
4594556313,Influenza,3
4596533900,Influenza,3
4596804607,Influenza,3
4597649605,Influenza,3
4601142204,Influenza,3
4602315210,Influenza,3
4604431612,Influenza,3
4607707014,Influenza,2
4607898304,Influenza,3
4608457809,Influenza,3
4608658212,Influenza,2
4609379607,Influenza,3
4609554612,Influenza,3
4609715213,Influenza,3
4610324503,Influenza,2
4611486908,Influenza,3
4611925313,Influenza,3
4613486011,Influenza,2
4613713202,Influenza,3
4614596712,Influenza,3
4615066711,Influenza,3
4615311504,Influenza,3
4615697103,Influenza,3
4617056500,Influenza,3
4617267204,Influenza,3
4617574807,Influenza,2
4618036005,Influenza,3
4618653712,Influenza,3
4622426006,Influenza,3
4622760506,Influenza,3
4624089010,Influenza,3
4626227213,Influenza,3
4627073902,Influenza,3
4627249910,Influenza,3
4627589709,Influenza,2
4627643705,Influenza,2
4630289207,Influenza,2
4630358708,Influenza,3
4632577301,Influenza,2
4633280909,Influenza,2
4633620405,Influenza,2
4633907305,Influenza,3
4633907808,Influenza,3
4633924514,Influenza,2
4634421002,Influenza,3
4635245507,Influenza,2
4635366510,Influenza,2
4635787009,Influenza,2
4635838910,Influenza,3
4636000104,Influenza,3
4636313308,Influenza,3
4637848211,Influenza,3
4640285604,Influenza,2
4640288010,Influenza,2
4640386009,Influenza,2
4640599005,Influenza,2
4640631011,Influenza,3
4640956008,Influenza,2
4641673310,Influenza,3
4643215006,Influenza,3
4643312910,Influenza,3
4643346714,Influenza,3
4643995714,Influenza,3
4644196004,Influenza,3
4644450200,Influenza,3
4644680506,Influenza,3
4645493513,Influenza,3
4646151808,Influenza,3
4646309712,Influenza,3
4646445105,Influenza,3
4647616313,Influenza,3
4648213402,Influenza,3
4651102601,Influenza,3
4651862314,Influenza,2
4651895711,Influenza,2
4651997408,Influenza,2
4652574407,Influenza,3
4653005805,Influenza,2
4653253010,Influenza,2
4653538813,Influenza,2
4654729312,Influenza,2
4654807109,Influenza,3
4655350605,Influenza,2
4655419010,Influenza,2
4655568904,Influenza,3
4655662907,Influenza,3
4662783908,Influenza,3
4663096306,Influenza,3
4663680404,Influenza,2
4664243400,Influenza,2
4664297204,Influenza,2
4665643511,Influenza,3
4665834208,Influenza,2
4666406311,Influenza,3
4666729300,Influenza,3
4666801909,Influenza,3
4667376109,Influenza,2
4668791200,Influenza,3
4668992911,Influenza,2
4671338209,Influenza,2
4700189010,Influenza,2
4701283009,Influenza,3
4701359904,Influenza,2
4702949011,Influenza,3
4704081807,Influenza,3
4704494610,Influenza,2
4704908211,Influenza,3
4705967711,Influenza,2
4706655210,Influenza,3
4706980900,Influenza,2
4707556310,Influenza,3
4708392309,Influenza,3
4708432814,Influenza,2
4708462502,Influenza,2
4708729609,Influenza,2
4709275607,Influenza,3
4709276314,Influenza,3
4709335305,Influenza,3
4709551311,Influenza,3
4710504508,Influenza,2
4710667612,Influenza,2
4712215908,Influenza,3
4712231711,Influenza,3
4712317903,Influenza,3
4712707603,Influenza,3
4712779205,Influenza,3
4713088902,Influenza,3
4713497303,Influenza,3
4713839407,Influenza,2
4713860206,Influenza,2
4713928103,Influenza,2
4713980409,Influenza,3
4714500000,Influenza,3
4714579010,Influenza,3
4714992302,Influenza,2
4715238404,Influenza,3
4715469102,Influenza,3
4715479301,Influenza,2
7494721602,Influenza,3
4715578610,Influenza,2
4715587300,Influenza,3
4715975600,Influenza,3
4716220613,Influenza,2
4717931607,Influenza,2
4717941002,Influenza,2
4718273812,Influenza,3
4718277900,Influenza,2
4719867500,Influenza,3
4720221812,Influenza,3
4720831403,Influenza,3
4723331411,Influenza,2
4723478600,Influenza,2
4723782205,Influenza,3
4723857913,Influenza,2
4724214808,Influenza,3
4724286013,Influenza,3
4724584611,Influenza,3
4727700406,Influenza,2
4728992002,Influenza,3
4732369811,Influenza,2
4733354205,Influenza,3
4733530808,Influenza,2
4733565308,Influenza,3
4734030408,Influenza,3
4734142303,Influenza,3
4734172705,Influenza,3
4734800205,Influenza,3
4735273205,Influenza,3
4740362009,Influenza,3
4740604210,Influenza,3
4741097902,Influenza,3
4741789605,Influenza,3
4741795612,Influenza,3
4743570612,Influenza,2
4744355313,Influenza,2
4747237213,Influenza,2
5240562310,Influenza,3
4754023600,Influenza,3
4754025808,Influenza,3
4754231406,Influenza,2
4755526304,Influenza,3
4755865609,Influenza,3
4756447612,Influenza,3
4760551008,Influenza,3
4761555503,Influenza,3
4761591602,Influenza,2
4762224611,Influenza,3
4769321202,Influenza,2
4772454905,Influenza,3
4775781511,Influenza,2
4775831103,Influenza,3
4776361500,Influenza,3
4776680802,Influenza,3
4776942603,Influenza,3
4778592606,Influenza,2
4779154012,Influenza,3
4779616709,Influenza,3
4780582511,Influenza,2
4784901511,Influenza,2
4785055210,Influenza,3
4785461511,Influenza,3
4786001800,Influenza,3
4786269900,Influenza,3
4787342712,Influenza,3
4787586608,Influenza,3
4795491406,Influenza,2
4795819611,Influenza,3
4795970211,Influenza,2
4796247710,Influenza,3
4797347202,Influenza,3
4797392202,Influenza,2
4797402303,Influenza,3
4798274007,Influenza,3
4799736702,Influenza,3
4800120109,Influenza,2
4801742306,Influenza,3
4802710100,Influenza,3
4803984004,Influenza,3
4804371801,Influenza,3
4807831709,Influenza,2
4807953707,Influenza,2
4808624107,Influenza,3
4808759301,Influenza,3
4808777801,Influenza,3
4811030402,Influenza,2
4811228005,Influenza,2
4811366500,Influenza,3
4811588313,Influenza,3
4811935701,Influenza,2
4812493714,Influenza,3
4812604309,Influenza,3
4812950000,Influenza,2
4813405606,Influenza,3
4814093314,Influenza,2
4814312602,Influenza,3
